label,content,synonym_aug,back_translation
3,lớp này không phải wzjwz124 hướng dẫn thực hành .,vỉa này không phải wzjwz124 hướng_dẫn thực_hành .,Lớp học này không phải là ezzzz được thực tế hướng dẫn thực tế.
3,cần nhiều hoạt động ngoại khóa .,cần nhiều vui chơi ngoại_khóa .,Hãy cho thêm nhiều hoạt động ngoại khóa.
1,kiến thức còn kỳ kỳ .,học thức còn kỳ_kỳ .,Có thời gian cho tri thức.
3,không có gì để phàn nàn .,không có gì để phàn_nàn .,Không có gì phải phàn nàn cả.
1,"cần xem xét lại khi đặt ra những yêu cầu về chấm chéo đồ án các nhóm cũng như trong lớp doubledot quá nhiều yêu cầu , nhiều việc phải làm trong thời gian ngắn dẫn đến sự chuẩn bị không tốt từ các nhóm , vdotv .","cần xét đến lại khi đặt ra những yêu_cầu về tạo đốm chéo góc đồ_án các nhóm cũng như trong vỉa doubledot quá nhiều yêu_cầu , nhiều việc phải làm trong thời_gian ngắn dẫn đến sự chuẩn_bị không tốt từ các nhóm , vdotv .","để xem xét các quy định cho các nhóm đối xứng, cũng như lớp đa số, rất nhiều công việc phải làm trong ngắn hạn dẫn đến việc chuẩn bị sai từ các nhóm, v.v..."
1,"bài giảng hay và hiệu quá , bài tập bám sát kiến thức .","bài giảng hay và hiệu quá , bài_tập dính chặt sát kiến_thức .","Vâng, đó là một bài giảng tuyệt vời, và nó là một bài giảng tốt, và nó là một bài học tốt, và nó là một bài học tốt, và nó là một bài học tốt, và nó là một bài học tốt, và nó là một tốt."
2,nhưng mà phòng thực hành hiện tại thì chỉ trang bị máy có 1 gb ram thôi .,nhưng_mà phòng ngừa thực_hành hiện_tại thì chỉ trang_bị máy có 1 gb ram thôi .,Nhưng phòng tập hiện tại chỉ được trang bị với một vòng xoáy.
1,"em hy vọng là nội dung bài học sẽ cập nhật các phiên bản công nghệ mới , gần đây nhất .","em hy_vọng là nội_dung bài_học sẽ cập_nhật các phiên_bản kỹ thuật công nghiệp mới , gần đây nhất .","Tôi hy vọng nội dung sẽ cập nhật mới nhất, công nghệ mới."
3,cô rất có tâm với công việc giảng viên của mình .,cô rất có tâm với công tác giảng_viên của mình .,Cô rất quan tâm đến nghề giáo của mình.
0,giảng viên dạy kỹ .,giảng_viên dạy học kỹ .,Anh ấy là một giáo viên giỏi.
1,nên đổi giáo trình .,nên trao đổi giáo_trình .,Anh nên thay đổi hướng đi.
2,máy chiếu chưa rõ nét cho toàn thẻ sinh viên trong phòng .,máy chiếu phim chưa rõ nét cho toàn thẻ sinh_viên trong phòng .,Không rõ danh tính của tất cả sinh viên trong phòng.
1,cần thực hành môn học nhiều hơn .,cần thực_hành môn_học nhiều hơn .,Cần phải luyện tập nhiều hơn nữa.
1,do môn này khó đối với em nên kiến thức thầy truyền đạt em thấy rất khó hiểu .,do môn này khó đối_với em nên kiến_thức giáo viên truyền_đạt em thấy rất khó hiểu .,Vì tôi khó hiểu nên tôi thấy khó hiểu kiến thức của sư phụ mình.
0,"thầy dạy cứng nhắc , buồn ngủ .","thầy dạy học cứng_nhắc , buồn_ngủ .","Mạnh mẽ, non nớt."
1,"hy vọng kỳ sau bộ môn anh văn cải tiến phương pháp dạy , và giáo trình , cho sinh viên nghe nói nhiều hơn , đôi khi bảo sinh viên dịch một đoạn để kiểm tra từ vựng , em thấy giáo viên cũng thương cho sinh viên thảo thuận cặp để nói , nhưng thật sự các bạn không biết nói gì , ngoài việc dịch tiếng việt ghép nghĩa tiếng anh !","hy_vọng kỳ sau bộ_môn anh văn_cải_tiến phương_pháp dạy , và giáo_trình , cho sinh_viên nghe nói nhiều hơn , đôi_khi bảo sinh_viên được phiên một đoạn để điều tra từ vựng , em thấy giáo_viên cũng cảm thông cho sinh_viên thảo_thuận đôi để nói , nhưng thật_sự các bạn không biết nói gì , ngoài việc được phiên tiếng việt kết cái được biểu đạt tiếng anh !","Sau khi lớp học của bạn cải thiện các phương pháp giảng dạy của bạn, và chương trình giảng dạy của bạn, cho học sinh để nghe nhiều hơn, đôi khi nói với học sinh để một đoạn văn để kiểm tra vốn từ vựng của họ, tôi thấy rằng giáo viên cũng yêu mến học sinh để nói về hai nhóm, nhưng thực sự bạn không biết phải nói gì, khác hơn là tiếng Anh!"
3,"sản phẩm mình làm ra , đem người khác báo cáo thì không được hợp lý .","sản phẩm hoá học mình làm ra , đem người khác báo_cáo thì không được hợp_lý .","Thật vô lý khi có sản phẩm của bạn làm ra, báo cáo nó cho người khác."
2,khoảng 1 tiếng từ khi giảng viên cho phép kết nối thì sinh viên mới vào mạng được .,khoảng 1 tiếng từ khi giảng_viên được phép kết_nối thì sinh_viên mới vào mạng được .,Đã một giờ trôi qua kể từ khi các giảng viên cho phép chúng tôi kết nối các sinh viên mới vào mạng lưới.
3,tất cả các hoạt động trên lớp .,tất_cả các hoạt_động trên vỉa .,Tất cả các hoạt động trong lớp.
2,"phòng thực hành quá kém chất lượng , máy móc không đảm bảo .","phòng ngừa thực_hành quá kém chất_lượng , máy_móc không đảm_bảo .","Phòng tập quá ít chất lượng, máy móc không được đảm bảo."
1,"như vậy , chất lượng dạy và học sẽ được nâng lên đáng kể ạ .","như_vậy , chất_lượng dạy và học sẽ được nâng lên khá nhiều ạ .","Bằng cách đó, phẩm chất dạy dỗ và học hỏi sẽ được nâng cao."
1,theo em thì thời lượng môn học quá dài và liên tục khiến mệt mỏi và không tập trung học tốt được .,theo em thì thời_lượng môn_học quá dài và sự tiếp tục khiến mệt_mỏi và không tập_trung học_tốt được .,Tôi nghĩ rằng số lượng của nghiên cứu là quá dài và nó liên tục hoạt động và không thể để tập trung tốt.
2,"máy tính của phòng thực hành không phục vụ được nội dung thực hành , giảng viên yêu cầu tự làm trên laptop rồi mang lên phòng thực hành chấm điểm , vậy phòng thực hành dùng để chấm điểm ?","máy_tính của phòng thực_hành không thực hiện chức năng được nội_dung thực_hành , giảng_viên bắt phải tự làm trên laptop rồi mang lên phòng thực_hành tạo chấm điểm , vậy phòng thực_hành dùng để tạo chấm điểm ?","Máy tính của phòng thí nghiệm không phục vụ các nội dung thực tập, người hướng dẫn yêu cầu mình làm điều đó trên máy tính của mình và sau đó đưa nó lên phòng thí nghiệm, do đó, phòng thực tập được sử dụng để chấm điểm nó?"
3,"dạy rất dễ hiểu và nhiệt tình , em rất thích cách giảng dạy của cô .","dạy rất dễ hiểu và sôi nổi , em rất thích cách giảng_dạy của cô .","Nó dễ hiểu, và đam mê, và tôi thích cách dạy dỗ của bạn."
1,thời gian các tiết thực hành cần phân bổ phù hợp với thời gian lý thuyết vì thường thì những bài thực hành đi sớm hơn so với bài lý thuyết kể từ những tuần khoảng giữa nên giảng viên hỗ trợ thực hành không thể cho sinh viên thực hành phần đó .,thì giờ các tiết_thực_hành cần phân chia phù_hợp với thì giờ lý_thuyết vì thường thì những bài thực_hành nằm sớm hơn so với bài lý_thuyết kể từ những tuần khoảng giữa nên giảng_viên hỗ_trợ thực_hành không_thể cho sinh_viên thực_hành phần đó .,"Giai đoạn thực hành phải được phân phối theo thời gian học, bởi vì thường thì các thực hành thực hành diễn ra sớm hơn các bài báo lý thuyết từ giữa tuần, do đó các thực tập sinh không thể bắt học sinh thực hành phần đó."
2,"phòng thực hành nhỏ không đủ máy cho sinh viên , máy có nhiều virus .","ngăn ngừa thực_hành nhỏ không đủ máy cho sinh_viên , máy có nhiều virus .","Phòng thực tập nhỏ không có đủ máy cho sinh viên, máy tính có rất nhiều virus."
0,thầy dạy hay vui và ví dụ chi tiết .,thầy dạy học hay vui và ví_dụ chi_tiết .,Cô là một giáo viên vui vẻ và là một ví dụ chi tiết.
3,khó nghe .,khó nghe .,Khó nghe lắm.
3,mọi thứ đều tốt .,mọi thứ đều tốt .,Mọi thứ đều ổn.
0,"cô rất nghiêm , song rất nhiệt tình , rất công bằng , có thưởng có phạt , rất đồng tình với cách xét của cô , về bài giảng , rất sinh động , chèn các video thực tiễn , tư liệu đưa vào rất nhiều , rất cụ thể .","cô rất nghiêm , song rất hăng hái , rất sự công minh , có thưởng có phạt , rất đồng_tình với cách xét của cô , về bài giảng , rất sinh_động , chèn lên trước các video thực_tiễn , tư_liệu đưa vào rất nhiều , rất hữu hình .","Bạn đang rất nghiêm túc, nhưng bạn rất nhiệt tình, rất công bằng, bạn có tiền phạt, bạn đã có những thỏa thuận với bài giảng của bạn, bạn đã được rất hình ảnh, bạn đã được đưa vào video thực tế, bạn đã có rất nhiều, rất nhiều tài liệu cụ thể."
2,máy tính không được tốt lắm .,máy_tính không được tốt lắm .,Máy tính không tốt lắm.
0,thầy dạy rất vui rất kỹ .,giáo viên dạy rất vui rất kỹ .,Các giáo viên đã rất hạnh phúc.
3,"sự thân thiện , cởi mở và nhiệt tình .","sự thân_thiện , cởi_mở và sôi nổi .","Thân thiện, lịch sự và nhiệt tình."
1,sinh viên cần nhiều hơn những bài như vậy .,sinh_viên cần nhiều hơn những bài như_vậy .,"Bạn biết đấy, học sinh cần nhiều hơn thế."
3,dễ gây nhàm chán .,dễ gây nhàm_chán .,Thật là chán.
0,tạo điều kiện cho sinh viên .,tạo điều_kiện cho sinh_viên .,Nó dành cho học sinh.
0,trong khi thầy giảng nội dung rất khó hiểu .,trong khi thầy diễn thuyết nội_dung rất khó hiểu .,"Trong khi bạn đang nói về nội dung, nó là khó hiểu."
2,"cần có các thiết bị di động thật để sinh viên thực hành khi cần thiết , vì các chương trình mô phỏng trên máy tính là không đầy đủ .","cần có các thiết_bị di_động thật để sinh_viên thực_hành khi cần_thiết , vì các chương_trình phỏng theo trên máy_tính là không sung túc .","Cần thiết các thiết bị di động thực sự để học sinh luyện tập khi cần thiết, bởi vì các mô phỏng máy tính là chưa đầy đủ."
0,"cả năm toàn học vòng lặp "" if "" "" for "" "" while "" đến bữa cuối mới lơ mơ học được struct với tạo file header mà ra đề 5 điểm trong phần đó .","cả năm toàn học bài vòng_lặp "" if "" "" for "" "" while "" đến bữa cơm cuối mới lơ_mơ_học được struct với tạo file_header mà ra đề 5 điểm trong phần đó .","""nếu"" cho ""bile"" cho đến cuối ngày, bạn sẽ học kinh nguyệt với việc tạo ra tập tin trích dẫn tạo ra 5 điểm trong phần đó."
0,"em thấy thầy dạy rất thiếu trách nhiệm , chỉ lơ là cho hết giờ .","em thấy thầy dạy học rất thiếu trách_nhiệm , chỉ lơ_là cho hết giờ .","Tôi thấy cô giáo vô trách nhiệm, không có thời gian rảnh rỗi."
2,"lớp học sạch sẽ , thoáng mát .","lớp_học sạch_sẽ , sống thoáng mát .","Nó sạch sẽ, dễ chịu."
1,nhiều bạn bị kéo điểm nặng nề .,nhiều bạn bị kéo điểm chậm chạp .,Rất nhiều người trong số các bạn bị thương nặng.
1,nên tăng tỷ lệ của đồ án môn học trong điểm trung bình lên sẽ đánh giá khách quan hơn kết quả học tập của sinh viên .,nên tăng tỷ_lệ của đồ_án môn_học trong điểm trung_bình lên sẽ đánh_giá khách_quan hơn kết_quả việc học của sinh_viên .,"Vì vậy, tăng tỷ lệ của các đối tượng trong điểm trung bình sẽ là nhiều khách quan hơn so với các sinh viên kết quả."
1,tóm lại đề thi 50% là kiến thức về mạng chủ yếu không tập trung vào hệ điều hành linux .,tóm_lại đề_thi 50 % là kiến_thức về mạng chủ_yếu không tập trung vào vào hệ điều_hành linux .,Vậy 50% của bài kiểm tra là kiến thức về mạng lưới mà không tập trung vào hệ điều hành OECD.
1,"cung cấp thêm giáo trình , tài liệu môn học .","cho ăn thêm giáo_trình , tài_liệu môn_học .","Nhiều hơn, nhiều chủ đề hơn."
2,máy chiếu phòng wzjwz3 cần được sửa chữa hoặc thay mới để lớp có đủ điều kiện học .,máy chiếu phòng wzjwz3 cần được sửa sang hoặc thay mới để lớp có đủ điều_kiện học .,Cần phải sửa chữa hoặc thay thế lại để khóa học có thể hội đủ điều kiện.
0,"thầy rất dễ thương , vui vẻ .","thầy rất đáng yêu , vui_vẻ .","Anh thật dễ thương, thật hạnh phúc."
0,"đầu thì thông báo là sẽ lập nhóm khoảng 5 người để seminar lấy điểm giữa kỳ , sau đó không cho seminar nữa mà thông báo lập lờ là "" có thể "" sẽ cho nhóm 2 người để là website cộng điểm , mới đây thì lại thông báo là mỗi người làm 1 website để cộng điểm .","đầu tiên thì cho biết là sẽ thành lập nhóm khoảng 5 người để hội thảo lấy điểm giữa kỳ , sau đó không cho hội thảo nữa mà cho biết không rõ ràng là "" có_thể "" sẽ cho nhóm 2 người để là website cộng_điểm , mới_đây thì lại cho biết là mỗi người làm 1 website để cộng_điểm .","Đầu tiên, chúng tôi sẽ bắt đầu một nhóm khoảng 5 người để tham dự hội thảo để chọn các điểm giữa kỳ, sau đó không đưa ra bất kỳ thông báo nào thêm rằng có lẽ hai trong số các bạn sẽ để cho các trang web được cộng với điểm, và sau đó chỉ ngay bây giờ chúng tôi sẽ thông báo rằng mỗi người đang làm cho một trang web thêm điểm."
1,cần cung cấp tài liệu cho sinh viên ngay từ đầu .,cần cho ăn tài_liệu cho sinh_viên ngay từ đầu .,Chúng ta cần cung cấp thức ăn cho học sinh ngay từ đầu.
0,chương trình dạy hơi nhiều .,chương_trình dạy học hơi nhiều .,Đó là rất nhiều sự dạy dỗ.
1,bài đồ án cuối kỳ thì phổ biến không rõ ràng phải làm gì để có điểm cao .,bài đồ_án cuối kỳ thì phổ thông hóa không rõ_ràng phải làm gì để có điểm cao .,"Vâng, các dự án đặc biệt không rõ phải làm gì để đạt điểm cao."
2,không có ổ cắm điện .,không có ổ bệnh cắm điện .,Không có nguồn điện.
2,phòng học và các thiết bị giảng dạy cần được nâng cấp tốt hơn .,phòng học bài và các thiết_bị giảng_dạy cần được nâng_cấp tốt hơn .,Các phòng học và dụng cụ dạy dỗ cần được nâng cấp tốt hơn.
1,"ngoài kiến thức anh văn được cải thiện hiệu quả , sinh viên còn học được rất nhiều kỹ năng mềm khác .","ngoài kiến_thức anh văn được tiến bộ đáng kể hiệu_quả , sinh_viên còn học được rất nhiều kỹ_năng mềm khác .","Ngoài những kiến thức bạn đã cải thiện, học sinh đã học được rất nhiều kỹ năng mềm mại khác."
2,cơ sở vật chất của trường nên được đầu tư làm mới và hiện đại hơn .,căn bản vật_chất của trường nên được đầu_tư làm mới và hiện_đại hơn .,Các cơ sở của trường nên được đầu tư vào mới và hiện đại.
1,"tiến độ dạy còn chậm , những phần dễ cần đi nhanh hơn một chút giới thiệu lướt qua , những phần khó như sắp xếp quick soft trở lên , cây nên làm rõ hơn .","tiến_độ dạy học còn hiểu chậm , những phần dễ cần bóc lịch nhanh hơn một_chút giới_thiệu lướt qua , những phần khó như sắp_xếp quick soft trở lên , cây nên làm rõ hơn .","Quá trình rất chậm, các bộ phận cần đi nhanh hơn một chút, các bộ phận đi nhanh hơn một chút, các phần khó khăn để phân tách ra, các cây nên sạch sẽ."
3,vì theo em thầy mọi người đi học rất đầy đủ .,vì theo em thầy mọi người đi học rất có của ăn của để .,Vì tôi chắc mọi người đều sẽ đi học.
0,"giảng viên dạy hay , thu hút , tận tâm với sinh viên .","giảng_viên dạy hay , lôi cuốn , tận_tâm với sinh_viên .","Tốt giáo viên, hấp dẫn, sinh viên."
1,chương trình giảng dạy tốt .,chương_trình giảng_dạy tốt .,Một chương trình dạy dỗ tốt.
0,thầy thực sự rất chuyên tâm trong giảng dạy và những bài giảng thực sự dễ hiểu .,giáo viên thực_sự rất chuyên_tâm trong giảng_dạy và những bài giảng_thực_sự dễ hiểu .,"Bạn biết đấy, tôi thực sự tập trung vào việc dạy học, và các bài giảng rất dễ hiểu."
0,cô rất nhiệt tình giảng dạy .,cô rất sôi nổi giảng_dạy .,Bạn đang rất háo hức để dạy học.
3,chưa gặp lần nào .,chưa gặp lần nào .,Lâu rồi tôi không gặp anh ta.
3,"môn này em học cải thiện nhưng mà nhà trường hủy môn em xong đăng tự ý đổi lớp lại , em không biết em không đi học nên chắc chắn em rớt .","môn này em học cải_thiện nhưng_mà nhà_trường hủy_môn em chấm dứt đăng tự_ý đổi lớp lại , em không biết em không dựa cột học nên chắc_chắn em rớt .","Bạn biết đấy, điều này tôi đã làm việc, nhưng trường học hủy lớp học của tôi, và tôi thay đổi nó một mình, và tôi không biết rằng tôi đã không đi học, vì vậy tôi chắc chắn đã thất bại."
1,cần thêm nhiêu bài tập thực tế .,cần thêm nhiêu bài_tập hiện trạng .,Tôi cần tập thể dục nhiều hơn.
0,"giáo viên vui tính , tích cực .","giáo_viên vui_tính , hoạt động .","Hài hước, tích cực giáo viên."
1,"nội dung thực hành chỉ là copy và paste , chưa tập trung vào nội dung giảng dạy .","nội_dung thực_hành chỉ là copy và paste , chưa tập trung vào vào nội_dung giảng_dạy .","Nội dung thực hành chỉ là sao chép và dán, chưa tập trung vào nội dung của giảng dạy."
2,phòng thiếu quạt .,phòng thiếu tung tẩy .,Không có ai thích cả.
3,"và não của con người không thích sự dễ dàng , nếu chỉ xử lý sự dễ dàng thì não khó có thể phát triển đến khả năng của nó .","và óc của con_người không thích sự dễ_dàng , nếu chỉ xử_lý sự dễ_dàng thì óc khó có đủ điều kiện phát_triển đến khả_năng của nó .","Và bộ não con người không thích dễ dàng, và nếu nó chỉ đơn giản là xử lý dễ dàng, thì thật khó cho bộ não để phát triển khả năng của chính nó."
2,thiếu kinh nghiệm truyền đạt .,thiếu trải nghiệm truyền_đạt .,Quá trình giao tiếp.
1,làm bài tập về nhà .,làm bài_tập về nhà .,"Được rồi, làm bài tập nào."
2,phòng lab rất nhỏ và ít thiết bị nên chất lượng học tập môn học không đảm bảo .,phòng lab rất nhỏ và ít thiết_bị nên chất_lượng sự học môn_học không đảm_bảo .,"Phòng thí nghiệm rất nhỏ và rất ít thiết bị, chất lượng nghiên cứu không được đảm bảo."
0,"giảng viên nhiệt tình , phương pháp thực hành hay , hiệu quả .","giảng_viên nhiệt_tình , biện pháp thực_hành hay , hiệu_quả .","Một giảng viên, tốt thực hành, hiệu quả."
1,đến lớp dúng giờ !,đến vỉa dúng giờ !,Đến lớp!
1,chất lượng buổi học tốt .,tính chất buổi học tốt .,Chất lượng của nghiên cứu là tốt.
2,nên trang bị rèm che cửa .,nên trang_bị rèm che bóng cửa .,Sẽ có những cái rèm che cửa.
3,tất cả đều hài lòng .,trọn đều hài_lòng .,Tất cả chúng ta đều hạnh phúc.
3,hoàn hảo !,hoàn_hảo !,Hoàn hảo!
2,trang thiết bị cho thực hành tốt hơn .,đồ trang bị cho thực_hành tốt hơn .,Nhiều dụng cụ để luyện tập tốt hơn.
0,người thậy nhiệt huyết dù học sinh không đi học đầy đủ .,người thậy nhiệt_huyết dù học_sinh không đi học bài đầy_đủ .,"Anh ấy đam mê, mặc dù học sinh của anh ấy chưa đủ học."
3,em thấy đã được .,em thấy đã được .,Tôi nghĩ tôi giỏi.
1,"nộp báo cáo sau khi thực hành , đăng lịch học lên moodle .","nộp báo_cáo sau khi thực_hành , đăng_lịch học bài lên moodle .","Viết báo cáo sau khi tập luyện, lập lịch trình cho việc quảng cáo."
1,"chưa cung cấp cách nhìn sâu hơn về môn học vào thực tế hiện nay , chỉ mới mang tính trừu tượng .","chưa cung_cấp cách nhìn con sâu hơn về môn_học vào thực_tế hiện_nay , chỉ mới mang tính trừu_tượng .","chưa cung cấp một sự hiểu biết sâu sắc hơn về đề tài trong hiện tại, chỉ trừu tượng mà thôi."
3,cần có nhiều trò chơi vận động hấp dẫn .,cần có nhiều trò_chơi vận_động gợi thích thú .,Có rất nhiều trò chơi hành động cần chơi.
3,lớp học quá đông nên rất nóng .,lớp_học quá bón lại nên rất nóng .,"Cả lớp đông quá, nóng quá."
3,quả không sai !,quả không không phải !,Anh nói đúng!
1,"các dạng bài tập rõ ràng , tài liệu cung cấp đầy đủ .","các dạng bài_tập rõ_ràng , tài_liệu cho ăn đầy_đủ .","Đây là những bài tập cụ thể, tài liệu cung cấp đầy đủ số lượng."
3,thân .,thân .,"Yeah, yeah, yeah, yeah, yeah, yeah, yeah, yeah, yeah, yeah, yeah, yeah."
2,nâng cao trang thiết bị học tập .,đưa cao trang_thiết_bị học_tập .,nâng cao học tập.
0,thầy hay nhăn nhó với sinh viên .,thầy hay quạu quọ với sinh_viên .,"Anh biết đấy, anh đang hay đùa ở trường đại học."
1,đồ án lập trình cần giao ngay đầu học kỳ để sinh viên có thể sắp xếp đầu tư .,đồ_án lập_trình cần giao ngay đầu học_kỳ để sinh_viên có_thể sắp đặt đầu_tư .,Dự án lập trình cần được thực hiện vào đầu học kỳ để các sinh viên có thể sắp xếp đầu tư.
3,cảm ơn thầy đã sửa lỗi khi cài vmware giúp em colonsmallsmile .,tạ ơn thầy đã sửa lỗi khi cài vmware giúp em colonsmallsmile .,Cảm ơn vì đã phục vụ tôi.
2,phòng máy không sử dụng được .,dè chừng máy không sử_dụng được .,Phòng máy không hoạt động.
0,giúp đỡ tận tình sinh viên .,cộng sự tận_tình sinh_viên .,Thật tốt khi giúp đỡ cho trường đại học.
3,"thoải mái , có hiệu quả .","dễ chịu , có hiệu_quả .","Nó thoải mái, hiệu quả."
0,giảng viên khi giảng giọng đều đều dễ làm sinh viên nghe vào buồn ngủ .,giảng_viên khi giảng tiếng đều_đều dễ làm sinh_viên nghe vào buồn_ngủ .,Giáo viên trong bài giảng của họ rất dễ khiến học sinh ngủ gật.
2,"nên trang bị thêm các lớp thực hành để sinh viên có cơ hội thao tác trên thực tế nhà trường nên trang bị rèm cửa sổ để tránh ánh sáng làm mờ máy chiếu , gây khó khăn trong việc báo cáo đồ án cũng như dạy học .","nên trang_bị thêm các lớp thực_hành để sinh_viên có dịp thao_tác trên hiện trạng trường nên trang_bị rèm cửa_sổ để tránh ánh_sáng làm mờ máy_chiếu , gây khó_khăn trong việc báo_cáo đồ_án cũng như dạy_học .",nên trang bị thêm các lớp học thực tập để các sinh viên có thể có cơ hội thực hiện công việc này.
2,tăng cường thiết bị .,làm tăng cao lên thiết_bị .,Nhiều dụng cụ hơn.
2,cải thiện chất lượng phòng máy và kết nối mạng .,cải_thiện phẩm chất phòng máy và kết_nối mạng .,Để cải thiện chất lượng của phòng máy và kết nối mạng lưới.
3,tôi rất thích .,tôi rất thích .,Tôi rất thích.
1,nên bỏ thi code trên giấy .,nên bỏ làm bài kiểm tra code trên giấy .,Đáng lẽ phải đánh rơi mật mã trên tờ báo.
3,em thấy học vậy cũng được rồi .,em thấy học bài vậy cũng được rồi .,Em nghĩ học cũng được.
0,"luôn dạy quá giờ ( khoảng 30 phút ) , ảnh hưởng đến giờ trưa của sinh viên và truyền đạt không được thu hút .","luôn dạy quá giờ ( khoảng 30 phút ) , tác động đến giờ trưa của sinh_viên và truyền tin không được thu_hút .","thời gian dạy học (khoảng 30 phút), tác động đến bữa trưa của sinh viên và giao tiếp không được hấp dẫn."
1,thời gian chưa đảm bảo .,thời_gian chưa bảo đảm .,Thời gian không chắc chắn.
1,có một số phần giảng viên giải thích hơi khó hiểu .,có một_số phần giảng_viên giải nghĩa hơi khó hiểu .,Có một số phần của bài thuyết trình hơi khó hiểu.
0,mong được là học trò của thầy nhiều hơn ạ .,mong được là học_trò của giáo viên nhiều hơn ạ .,Tôi ước gì tôi có thể trở thành học trò của anh nhiều hơn.
1,"chẳng hạn , sinh viên chuyên ngành mạng thì không nên quá đào sâu vào nội dung mà chỉ cần đưa ra những nội dung nền tảng , cần thiết nhất .","chẳng_hạn , sinh_viên chuyên_ngành mạng thì không nên quá đào con sâu vào nội_dung mà chỉ cần đưa ra những nội_dung nền móng , cần_thiết nhất .","Chẳng hạn, các sinh viên trực tuyến không nên đào sâu nội dung, nhưng chỉ cung cấp nội dung cơ bản nhất, cần thiết nhất."
1,nên cho thực hành nhiều hơn lý thuyết .,nên cho thực_hành nhiều hơn lý_thuyết .,"Vì vậy, thực tế hơn so với giả thuyết."
0,"thầy wzjwz105 giảng dạy rất tốt , truyền đạt hay , luôn đưa ra những vấn đề hay .","người thầy wzjwz105 giảng_dạy rất tốt , truyền_đạt hay , luôn đưa ra những vấn_đề hay .","wzjwz105 rất giỏi dạy dỗ, trò chuyện cởi mở, luôn luôn nêu ra những câu hỏi tốt."
2,theo em nghĩ nên sửa lại hoặc thay mới dàn máy tính cũ và dễ bị lỗi đi .,theo em nghĩ nên sửa lại hoặc đoạt mới dàn máy_tính cũ và dễ bị lỗi đi .,"Tôi nghĩ điều khôn ngoan là sửa hay thay đổi hệ thống máy tính cũ, và dễ thất bại."
2,"phòng anh văn gần với công trình đang thi công , mong nhà trường sắp xếp để có phòng học yên tĩnh .","phòng ngừa anh văn gần với công_trình đang thi_công , mong nhà_trường sắp_xếp để có phòng ngừa học yên_tĩnh .","Văn phòng của bạn là gần với xây dựng, và tôi muốn trường học để sắp xếp cho một lớp học yên tĩnh."
0,"giảng viên thoải mái , nhiệt tình , gần gũi với sinh viên .","giảng_viên dễ chịu , nhiệt_tình , gần_gũi với sinh_viên .","Anh giảng viên rất thoải mái, vui vẻ, thân thiết với các học viên."
2,mỗi khi lấy micro lại phải lấy thêm cả loa .,mỗi khi lấy micro lại phải lấy thêm cả cái loa .,"Mỗi khi chúng ta nhận được một micro, chúng ta sẽ phải có được một người nói."
3,tất cả điều hài lòng .,mọi điều hài_lòng .,Tất cả đều tốt.
2,trời nóng quá và máy chiếu quá xa với lớp đông học sinh .,trời nóng quá và máy_chiếu quá xa với vỉa đông học_sinh .,Nó quá nóng và những thứ này quá xa với lớp học mùa đông.
3,"vừa giúp cho bọn em nắm chắc kiến thức về môn học , vừa giúp bọn em tự tin hơn về kỹ năng cá nhân của mình .","vừa hỗ trợ cho bọn em nắm chắc học vấn về môn_học , vừa hỗ trợ bọn em tự_tin hơn về kỹ_năng cá_nhân của mình .","Chỉ giúp chúng tôi giải quyết vấn đề này, khiến chúng tôi cảm thấy tự tin hơn về kỹ năng của chính mình."
1,cung cấp đầy đủ và cập nhật giáo trình và tài liệu phục vụ môn học hơn .,cung_cấp đầy_đủ và cập_nhật giáo_trình và tài_liệu có vai trò môn_học hơn .,cung cấp nhiều hơn và cập nhật các ghi chép và tài liệu phục vụ nhiều chủ đề hơn.
1,em xin nhà trường xem lại bài thi anh văn đầu vào .,em xin nhà_trường xem_lại bài kiểm tra anh văn đầu_vào .,Tôi muốn xem qua bài thi.
3,mà hơn nữa ngủ ở lớp học còn rất dễ bị đau lưng .,mà hơn_nữa ngủ ở lớp_học còn rất dễ bị cảm thấy đau lưng .,"Nhiều hơn là ngủ trong lớp học, rất dễ dàng để lấy lại cơn đau."
2,"đồng thời thiết bị ở phòng thực hành hay hỏng hóc , gây gián đoạn và ảnh hưởng tới kết quả và thời gian làm thực hành .","đồng_thời thiết_bị ở dè chừng thực_hành hay thất bại hóc , gây gián_đoạn và ảnh_hưởng tới kết_quả và thời_gian làm thực_hành .","Đồng thời, các dụng cụ trong phòng luyện tập bị hư hại, gây rối loạn và ảnh hưởng đến kết quả và thời gian tập luyện."
3,nếu không thì coi như lớp đi toi .,nếu không thì coi như lớp dựa cột toi .,"Nếu không, anh sẽ chết."
0,"thầy đi dạy không đúng giờ , toàn bắt sinh viên chờ từ 30 phút đến 1 tiếng .","thầy đi dạy học không đúng giờ , toàn bắt sinh_viên chờ từ 30 phút đến 1 tiếng .","Cậu đã dạy đúng giờ, bắt học sinh đợi 30 phút đến 1 giờ."
0,"cô dạy rất hay , cho bài tập ứng dụng nhiều vào thực tiễn .","cô dạy rất hay , cho bài_tập sự áp dụng nhiều vào thực_tiễn .","Anh là một giáo viên tuyệt vời, phải luyện tập rất nhiều."
1,"thực hành cần song song với lý thuyết , thực hành dạy nhanh hơn lý thuyết nên rất khó hiểu .","thực_hành cần song_song với lý_thuyết , thực_hành dạy học nhanh hơn lý_thuyết nên rất khó hiểu .","Thực hành cần phải phù hợp với lý thuyết, thực hành nhanh hơn lý thuyết, vì vậy nó khó hiểu."
2,tăng cường thêm thiết bị để môn học được hiệu quả .,làm tăng cao lên thêm thiết_bị để môn_học được hiệu_quả .,Nhiều dụng cụ để học hỏi.
1,"theo em , tài liệu môn học còn thiếu .","theo em , tài_liệu môn_học còn thiếu .","Theo tôi, tài liệu nghiên cứu còn thiếu."
0,"thầy bận nhiều nên cũng nghỉ nhiều , hi vọng thầy có thể sắp xếp thời gian .","thầy bận nhiều nên cũng đi nghỉ nhiều , hi_vọng thầy có_thể sắp_xếp thời_gian .","Tôi đã rất bận rộn, vì vậy tôi đã dành quá nhiều thời gian, vì vậy tôi hy vọng tôi có thể sắp xếp một thời gian."
2,"phòng thực hành quá bé , bụi bặm , quạt không quay , đề nghị phòng đào tạo chia ca thực hành nếu không sẽ không đủ chỗ ngồi .","phòng thực_hành quá bé , bụi_bặm , quạt không quay , đề_nghị phòng đào_tạo chia phiên thực_hành nếu không sẽ không đủ chỗ trống ngồi .","Phòng thực tập quá nhỏ, bụi bặm, và người hâm mộ sẽ không quay, đề nghị đào tạo sẽ chia thực hành nếu không sẽ không có đủ chỗ ngồi."
2,"cần chỉ cho sinh viên cách làm bài khó , không nên giải chi tiết .","cần chỉ cho sinh_viên cách làm bài khó , không nên tìm chi_tiết .","Bạn cần chỉ cho học sinh cách làm việc chăm chỉ, chứ không phải giải quyết các chi tiết."
0,thầy nói tiếng anh còn hơi nhỏ .,thầy nói ngôn ngữ anh còn hơi nhỏ .,Anh nói tiếng Anh hơi quá trẻ.
3,biết làm bài tập của môn học nhưng không hiểu nó liên quan gì đến thực tế .,biết làm bài_tập của môn_học nhưng không hiểu nó liên_quan gì đến hiện trạng .,"Bạn biết đấy, bạn biết đấy, bạn biết đấy, làm bài tập về nhà, nhưng bạn không hiểu những gì nó có liên quan đến thực tế."
2,thay đổi hệ thống âm thanh phòng học .,thay_đổi hệ thống hoá âm_thanh phòng học .,Thay đổi hệ thống âm thanh của lớp.
0,"thầy dạy thì nên dạy sớm để dễ học , dễ nhớ , ban đầu thầy ít dạy vào kiến thức chính , đến giai đoạn cuối của kỳ là khi bận rộn nhiều thì thấy mới bắt đầu dạy kiến thức .","thầy dạy học thì nên dạy học sớm để dễ học , dễ nhớ , ban_đầu thầy ít dạy học vào kiến_thức chính , đến thời kì cuối của kỳ là khi năng động nhiều thì thấy mới bắt_đầu dạy học kiến_thức .","Giáo viên nên dạy sớm để có thể dễ dàng học tập, để nhớ, để dạy lúc đầu ít trong kiến thức cơ bản, và cuối cùng, để bắt đầu dạy tri thức khi bạn bận rộn."
3,"chép bài nhiều quá , nhưng không sao .","sao bài nhiều quá , nhưng không sao .","Quá nhiều bản sao, nhưng không sao."
0,cho bài tập nhiều quá không làm hết được .,cho bài_tập nhiều quá không làm hết được .,Tôi không thể làm xong bài tập được.
0,"rất hay , rất nhiệt tình , đề nghị tăng lương cho cô .","rất hay , rất sôi nổi , đề_nghị tăng lương cho cô .","Rất tử tế, rất nhiệt tình, đề nghị tăng lương cho bạn."
0,"tạo ra được những trò chơi và cách tiếp cận môn học mới mẻ , hiệu quả , giảng viên nhiệt tình , tận tâm với người học .","tạo ra được những trò_chơi và cách tiếp_cận môn_học mới toanh , hiệu_quả , giảng_viên sôi nổi , tận_tâm với người học .","tạo ra những trò chơi mới mẻ, hữu hiệu và cách đối phó với môn thể thao, những người huấn luyện nhiệt tình, những người học hỏi tận tụy."
3,không phải là môn đi học .,không phải là môn đi học bài .,Đó không phải trường học.
3,chưa có .,chưa có .,"Chưa, chưa đâu."
3,nên đưa ra các vấn đề thường gặp .,nên đưa ra các vấn_đề thường gặp .,Vì vậy hãy nghĩ ra những vấn đề bình thường.
2,"phòng học quá nóng , máy chiếu mờ .","phòng học bài quá nóng , máy_chiếu mờ .",Lớp học thì quá nóng.
1,môn học vẫn còn là một môn với nhiều lý thuyết trong slide .,môn_học vẫn còn là một môn với nhiều lý_thuyết trong slide .,Vấn đề vẫn còn là một vấn đề với rất nhiều giả thuyết trong slide.
0,"giảng viên yêu cầu cao , khó khăn , gây áp lực tạo sự chán nản cho sinh viên .","giảng_viên yêu_cầu cao , khó_khăn , gây áp_lực tạo sự ủ rũ cho sinh_viên .",Các giảng viên đòi hỏi phải cố gắng hết sức để giúp học viên trầm cảm.
3,"có những ví dụ sinh động , dễ hiểu .","có những thí dụ sinh_động , dễ hiểu .","Có những ví dụ sống động, dễ hiểu."
0,"giảng viên biết cách truyền đạt , giảng rất hay và dễ hiểu .","giảng_viên biết cách truyền_đạt , thuyết trình rất hay và dễ hiểu .","Người hướng dẫn biết cách giao tiếp, cách nói năng khéo léo và cách hiểu."
0,hi vọng giảng viên đưa ra những ví dụ cụ thể để sinh viên nắm được những điều cơ bản trước khi giải bài tập .,ước giảng_viên đưa ra những ví_dụ cụ_thể để sinh_viên nắm được những điều cơ_bản trước khi giải bài_tập .,Hãy hy vọng các giảng viên của chúng tôi cung cấp cho chúng tôi các ví dụ cụ thể cho học sinh để có được các cơ bản trước khi họ làm bài tập về nhà của họ.
3,nghỉ dạy rồi còn ý kiến gì nữa hả .,nghỉ dạy rồi còn quan niệm gì nữa hả .,Bỏ học để làm gì?
1,"thứ nhất , phần thực hành phần đồ án doubledot thường là phần cài đặt một chương trình trên máy dựa theo phần lý thuyết đã học được thường được công bố khá trễ , thường là vào khoảng một tháng cuối cùng của học kỳ , sau khi thi lý thuyết cuối kỳ xong .","thứ nhất , phần thực_hành phần đồ_án doubledot thường là phần cài_đặt một chương_trình trên máy dựa theo phần lý_thuyết đã học bài được thường được tuyên bố khá trễ , thường là vào_khoảng một tháng quyết định của học_kỳ , sau khi thi lý_thuyết cuối kỳ xong xuôi .","Đầu tiên, thực hành tính xếp hạng thường là việc cài đặt một máy tính dựa trên một phần của lý thuyết đã nhận ra rằng nó thường là khá muộn, thường là vào khoảng tháng cuối của kỳ học, sau kỳ thi cuối cùng là hoàn thành."
0,giảng dạy khó tiếp thu .,giảng_dạy khó hấp thụ .,Khó học lắm.
0,giảng viên giảng dạy nhiệt tình và tạo sự hứng thú cho sinh viên .,giảng_viên giảng_dạy nhiệt_tình và tạo sự lý thú cho sinh_viên .,Anh giảng viên rất nhiệt tình và hào hứng cho các học viên.
2,"phòng thực hành khoa wzjwz70 máy hư tùm lum , không hiểu sao phòng thực hành mấy khoa khác như wzjwz71 , wzjwz72 đầu tư mới với tốt hơn nhiều .","ngăn ngừa thực_hành_khoa wzjwz70 máy giả tùm_lum , không hiểu sao ngăn ngừa thực_hành mấy khoa khác như wzjwz71 , wzjwz72 đầu_tư mới với tốt hơn nhiều .","Phòng thực tập của wzjwzz70 ở khắp mọi nơi, tự hỏi tại sao phòng tập giống như wzjwz71, wzjwz72 đầu tư mới tốt hơn nhiều."
1,chương trình học quá nhiều và nhiều phần không cần thiết .,chương_trình học quá nhiều và nhiều phần không thiết thực .,Có rất nhiều việc học và rất nhiều thứ không cần thiết.
2,cải thiện lại cơ sở vật chất máy chiếu trong phòng học .,nâng cao lại cơ_sở_vật_chất máy_chiếu trong phòng học .,Đang xây dựng lại phần cơ bản của các cơ sở trong lớp học.
3,ân cần giải đáp thác mắc của sinh viên .,ân_cần giải_đáp thác kẹp của sinh_viên .,"Cậu ấy là một sinh viên giỏi, và cậu ấy đủ tốt để trả lời câu hỏi."
0,"thầy hay dạy quá giờ , 3h15 kết thúc nhưng hơn 3h30 mới cho về .","thầy giáo hay dạy quá giờ , 3 h15 kết_thúc nhưng hơn 3 h30 mới cho về .","Tôi đã dạy hàng giờ liền, hết giờ 3:15 rồi, nhưng đã hơn 3 giờ rưỡi rồi."
1,trong học kỳ này vì nó không được cố định nên em và có thể nhiều bạn khác đã bỏ lỡ bài nộp .,trong học_kỳ này vì nó không được cố_định nên em và có đủ khả năng nhiều bạn khác đã bỏ nhỡ bài nộp .,"Bạn biết đấy, học kỳ này, bởi vì nó không được sửa chữa, bạn biết đấy, và có thể một vài đứa trẻ khác đã bỏ lỡ nó."
0,"cách giảng dạy rất hiệu quả , lớp học vui .","cách giảng_dạy rất hiệu_quả , lớp_học hấp dẫn .","Đó là một môn dạy dỗ rất hiệu quả, một lớp học vui vẻ."
0,"giảng viên dạy rất hay , nhiệt tình .","giảng_viên dạy rất hay , hăng hái .","Giáo viên rất tuyệt, anh ấy rất đam mê."
1,slide bài giảng tiếng anh giúp tụi em nâng cao khả năng học tiếng anh .,slide bài giảng dạy tiếng anh giúp tụi em nâng cao khả_năng học tiếng anh .,Các em tiếng Anh giúp chúng tôi trau dồi khả năng học tiếng Anh.
2,"mong ban quản lý cơ sở ý kiến giúp chúng em , em xin cảm ơn !","mong ban quản_lý cơ_sở ý_kiến cứu trợ chúng_em , em xin cảm_ơn !","Tôi muốn nhờ hội đồng ý kiến giúp chúng tôi, cảm ơn."
2,chiếu video lên cho sinh viên xem nhưng hệ thống âm thanh hình ảnh kém khiến sinh viên không hiểu hết được nội dung của video vào môn học .,chiếu video lên cho sinh_viên xem nhưng hệ_thống âm_thanh ảnh mau quên khiến sinh_viên không hiểu hết được nội_dung của video vào môn_học .,Hiển thị video cho các sinh viên nhưng hệ thống âm thanh thị giác nghèo không làm cho học sinh hiểu rõ nội dung của video vào chủ đề.
2,cần sửa chữa các linh kiện phòng máy wzjwz23 vì một số chuột đã hư .,cần sửa_chữa các linh_kiện dè chừng máy wzjwz23 vì một_số chuột đã hư .,cần sửa chữa các bộ phận phòng máy wzjwz23 bởi vì một số chuột bị hỏng.
3,dễ thương coloncontemn .,dễ thương_coloncontemn .,Đồng minh đẹp đấy.
3,em thấy ổn ạ .,em thấy ổn thoả ạ .,Tôi cảm thấy ổn.
0,"tận tâm , nhiệt tình , vui tính , dễ gần với sinh viên .","tận_tâm , nhiệt_tình , hoà đồng , dễ gần với sinh_viên .","Anh ấy tận tụy, đam mê, hài hước, anh ấy thích học trò của mình."
2,"theo em , cần trang bị và sửa chữa máy chiếu .","theo em , cần trang_bị và chắp vá lại máy_chiếu .","Theo tôi, chúng ta cần vũ khí và sửa lại cái máy bay."
1,cần tăng thêm nhiều tiết thực hành .,cần tăng thêm nhiều bài tiết thực_hành .,Thực hành nhiều hơn diễn ra.
2,"phòng học quá nóng , thiếu quạt .","phòng học bài quá nóng , thiếu quạt .","Lớp học quá nóng, không hâm mộ."
0,"giảng viên giảng dạy nhiệt tình , phương pháp dạy hay , chỉ dẫn hiệu quả , bài tập làm nhiều .","giảng_viên giảng_dạy nhiệt_tình , phương_pháp dạy hay , chỉ_dẫn tác dụng , bài_tập làm nhiều .","Một người giảng dạy nhiệt tình, một phương pháp dạy dỗ tốt, hướng dẫn hữu hiệu, rất nhiều công việc."
0,"vui tính , nhiệt tình , đảm bảo giờ giấc , đúng giờ .","vui_tính , nhiệt_tình , bảo đảm giờ_giấc , đúng giờ .","Vui vẻ, nhiệt tình, đúng giờ, đúng giờ."
3,rất nản .,rất chán chường .,Tôi đang chán nản.
1,"kính mong nhà trường trong những năm tới có thể tổ chức giảng dạy chương trình tiếng anh tăng cường từ sớm hơn , đồng thời tăng số tuần học để việc học đạt hiểu quả cao hơn .","kính mong trường trong những năm tới có_thể tổ_chức giảng_dạy chương_trình tiếng anh làm tăng cao lên từ sớm hơn , đồng_thời tăng số tuần_học để việc học bài đạt hiểu quả cao hơn .",Trường học mong đợi trong vài năm tới để có thể tổ chức một chương trình tăng vốn tiếng Anh và tăng số tuần giáo dục để việc học sẽ được hiểu rõ hơn.
1,"thiết nghĩ đây là môn phân tích , thiết kế thuật toán , các bài toán ngoài thực tế không dễ dàng như vậy và quy hoạch động là một kỹ thuật có thể xử lý được một số bài kiểu này .","thiết_nghĩ đây là môn phân_tích , thiết_kế thuật_toán , các bài_toán ngoài hiện trạng không tiện lợi như_vậy và quy_hoạch_động là một kỹ_thuật có_thể xử_lý được một_số bài kiểu này .","Hãy nghĩ về điều này như một sự phân tích, thiết kế thuật toán, các vấn đề bên ngoài mà thực sự không phải là dễ dàng, và kế hoạch năng động là một kỹ thuật mà có thể xử lý một số loại bài viết này."
0,nói chung thầy wzjwz196 dạy toán là tuyệt .,nói_chung thầy giáo wzjwz196 dạy_toán là tuyệt .,"Nói chung, ông wzzz5 phép toán tốt."
1,"không thống nhất trước về hình thức thi và làm bài tập , đến những tuần cuối cùng mới công bố .","không đi đến thống nhất trước về hình_thức thi và làm bài_tập , đến những tuần cuối_cùng mới công_bố .","Không ổn định về hình thức của kỳ thi và bài tập, cho đến những tuần cuối cùng của thông báo."
0,"cô dạy hay , dế hiểu .","cô dạy học hay , dế hiểu .","Cô là một giáo viên giỏi, cô hiểu mà."
2,mong nhà trường nâng cấp các phòng thực hành và các thiết bị trong phòng học .,mong trường nâng_cấp các phòng thực_hành và các thiết_bị trong phòng học .,Tôi muốn trường học nâng cấp phòng thí nghiệm và thiết bị trong lớp học.
1,ít luyện kỹ năng nói .,ít luyện tập kỹ_năng nói .,Giới thiệu về các kỹ năng.
3,hài hước .,hài_hước .,Buồn cười thật.
1,không nên ràng buộc về kỹ thuật sử dụng trong báo cáo .,không nên cài bẫy về kỹ_thuật sử_dụng trong báo_cáo .,Anh không nên quá nghiêm trọng trong báo cáo của anh.
1,"tháng học môn kiến trúc máy tính 4 ngày , nghỉ 3 ngày , bù trùng lịch 3 môn không học được rớt tốn tiền .","tháng học bài môn kiến_trúc máy_tính 4 ngày , nghỉ 3 ngày , bù trùng_lịch 3 môn không học bài được rớt tiêu hao tiền .","4 ngày trong ngành kiến trúc máy tính, 3 ngày nữa, 3 lần nghỉ học."
1,hoặc không phân nhóm nhưng vẫn nên cho đề tài để sinh viên tìm hiểu .,hoặc không phân chia nhóm nhưng vẫn nên cho đề_tài để sinh_viên tìm_hiểu .,"Nó không có nhóm, nhưng nó nên là một đối tượng cho học sinh để tìm hiểu."
0,thầy nói nhanh quá .,thầy giáo nói nhanh quá .,Anh đang nói nhanh đấy.
0,thầy giảng quá nhanh !,thầy giảng dạy quá nhanh !,Anh nói nhanh quá đấy!
0,hướng dẫn sinh viên tận tình .,hướng_dẫn sinh_viên nhiệt tình .,Những người ham học hỏi.
1,phần tài liệu .,phần tài_liệu .,Nó là một phần.
0,"thầy giảng bài dễ hiểu , nhiệt tình .","thầy giảng bài dễ hiểu , sôi nổi .","Các giáo viên hiểu, là cảm nhận."
2,"bàn giáo viên rất dơ , quạt máy thì chạy như không có chạy , mở chỉ thêm tốn điện , không có mát .","bàn giáo_viên rất dơ , quạt_máy thì trải dài như không có trải dài , mở chỉ thêm tốn đánh dây thép , không có mát .","Bàn của giáo viên rất dơ, người hâm mộ như thể nó không hoạt động, nó đang bật nhiều hơn, nó không mát."
3,đưa ra đề tài seminar như thách đố sinh viên vậy .,đưa ra đối tượng seminar như thách_đố sinh_viên vậy .,Nó giống như một thử thách.
2,chất lượng phòng máy kém .,chất_lượng dè chừng máy kém .,Chất lượng của phòng máy là nghèo.
0,"giảng viên tận tình , chu đáo , gần gũi sinh viên .","giảng_viên tận_tình , thận trọng , gần_gũi sinh_viên .","Một sinh viên tận tụy, chu đáo, thân thiết."
0,thầy dạy kỹ .,thầy dạy học kỹ .,Cô là một giáo viên giỏi.
0,trong giờ học thầy cứ đi lên đi xuống và nói thao thao bất tuyệt .,trong giờ học bài thầy cứ đi_lên đi_xuống và nói thao_thao bất_tuyệt .,"Trong lớp học, bạn đi lên và xuống và nói rằng bạn giỏi thể thao."
2,"phòng học được trang bị tốt hơn , đảm bảo tốt cho công tác giảng dạy .","phòng học được trang_bị tốt hơn , bảo đảm tốt cho công_tác giảng_dạy .","lớp học được trang bị đầy đủ hơn, bảo đảm công việc dạy dỗ được tốt hơn."
1,quá nhiều lý thuyết .,quá nhiều lý_thuyết .,Quá nhiều lý thuyết.
2,lớp wzjwz1 nên được học ở phòng máy tốt hơn chút xíu được không ạ .,vỉa wzjwz1 nên được học ở phòng máy tốt hơn chút_xíu được không ạ .,Lớp wzjwz1 nên ở trong phòng động cơ một chút tốt hơn.
2,mong nhà trường sắp xếp các phòng học yên tĩnh hơn .,mong chờ nhà_trường sắp_xếp các phòng học yên_tĩnh hơn .,Tôi muốn trường học để sắp xếp phòng học yên tĩnh hơn.
2,riêng trang thiết bị quá kém .,riêng trang_thiết_bị quá hay quên .,Nó tự có quá nhiều thiết bị.
2,"phòng học cần lắp thêm quạt và ổ cắm vì sinh viên phải sử dụng laptop để làm bài tập , cần có thêm màn che cửa sổ để có thể theo dõi bài giảng trên slide tốt hơn .","ngăn ngừa học bài cần lắp thêm quạt và ổ_cắm vì sinh_viên phải xài laptop để làm bài_tập , cần có thêm màn che cửa_sổ để có_thể theo_dõi bài giảng trên slide tốt hơn .","Các lớp học cần nhiều quạt và cắm bởi vì học sinh phải sử dụng máy tính xách tay của họ để làm bài tập về nhà của họ, và họ cần nhiều cửa sổ hơn để có thể theo dõi bài thuyết trình trên một trượt tốt hơn."
2,có đầy đủ trang thiết bị .,có có của ăn của để trang_thiết_bị .,Nó được trang bị đầy đủ.
2,"phòng máy quá yếu , không thực sự tốt vì máy tính còn yếu , cấu hình không được cao .","phòng máy quá yếu , không thực tế tốt vì máy_tính còn yếu , cấu_hình không được cao .","Các phòng máy quá yếu, chúng không thực sự tốt bởi vì máy tính là yếu, chúng không cao."
0,"thầy dạy truyền đạt tư tưởng tốt , dễ hiểu .","thầy dạy truyền tin tư_tưởng tốt , dễ hiểu .",Một người dạy những ý tưởng tốt thì dễ hiểu.
3,thú vị .,hấp dẫn .,Thú vị đấy.
3,phù hợp với thực tiễn .,phù_hợp với kinh nghiệm .,Đó là sự trùng khớp của thực tế.
3,em xin chân thành cảm ơn ( xin lỗi vì máy không dùng được unikey ) !,em xin chân_thành cảm_ơn ( tạ lỗi vì máy không dùng được unikey ) !,"Tôi xin lỗi, tôi không thể dùng chìa khóa."
3,lớp ồn đến nỗi không muốn đi học .,lớp ồn đến_nỗi không muốn đi tù học .,Lớp học ồn ào đến nỗi họ không muốn đi học.
0,giáo viên tạo được cảm giác ham học và nhiệt tình với học sinh .,giáo_viên tạo được cảm_giác ham_học và hăng hái với học_sinh .,Các giáo viên tạo ra một cảm giác khao khát và nhiệt tình đối với học sinh.
1,đảm bảo giờ lên lớp đầy đủ cho sinh viên .,đảm_bảo giờ tinh tướng đầy_đủ cho sinh_viên .,Hãy chắc chắn rằng bạn nhận được một lớp học đầy đủ cho các học sinh bây giờ.
1,nên có nhiều dụng cụ cho sinh viên thực hành hơn với sĩ số lớp đông .,nên có nhiều thiết bị cho sinh_viên thực_hành hơn với sĩ số lớp đông .,"Vì vậy, có rất nhiều thiết bị cho sinh viên để thực hành với những người ở giữa lớp học."
2,"phòng học còn nóng và bụi bặm , máy chiếu tuy là vẫn thầy được nhưng như thế vẫn là mờ , đề nghị khắc phục vấn đề này .","phòng học còn nổi giận và bụi_bặm , máy_chiếu tuy là vẫn người thầy được nhưng như_thế vẫn là mờ , đề_nghị khắc_phục vấn_đề này .","Lớp học là nóng và bụi, và bình là mát, nhưng nó vẫn là một bóng mờ, và nó đưa ra để giải quyết vấn đề này."
0,"cô đi dạy đúng giờ , dạy cho sinh viên kỹ năng trình bày bài , dạy kỹ .","cô đi dạy đúng giờ , dạy cho sinh_viên kỹ_năng thể hiện bài , dạy kỹ .","Dạy đúng giờ, dạy học sinh kỹ năng trình diễn, dạy tốt."
3,mong phòng phòng thanh tra - pháp chế - đbcl có biện pháp xử lý .,nóng lòng phòng phòng thanh_tra - pháp_chế - đbcl có biện_pháp xử_lý .,Tôi muốn nhờ văn phòng thanh tra xử lý vụ này.
0,dạy ổn .,dạy ổn thoả .,"Không sao đâu, không sao đâu."
0,giảng viên rất nhiệt tình tâm huyết .,giảng_viên rất hăng hái tâm_huyết .,Người hướng dẫn rất đam mê.
2,phòng học cần lắp thêm quạt và màn che để theo dõi bài giảng của giáo viên tốt hơn .,phòng học cần lắp thêm đập phành phạch và màn che để theo_dõi bài giảng của giáo_viên tốt hơn .,Lớp học cần nhiều fan hâm mộ hơn và rèm cửa để xem các bài giảng của giáo viên tốt hơn.
3,"rất tốt , không có ý kiến .","rất tốt , không có quan niệm .","Rất tốt, không biết."
0,dạy dễ nghe dễ hiểu .,dạy học dễ nghe dễ hiểu .,Rất dễ hiểu.
2,nên dạy thực tế hơn một chút và máy chiếu nên rõ hơn .,nên dạy thực_tế hơn một_chút và máy chiếu phim nên rõ hơn .,"nên là một chút thực tế hơn, và hình ảnh nên được một chút rõ ràng hơn."
3,không thực hành được buổi nào .,không thực_hành được buổi nào .,"No, no, no, no, no, no, no, no, no, no, no, no, no, no, no, no, no, no, no, no, no, no, no, no, no, no, no, no, no, no, no, no, no, no, no, no, no, no, no, no, no, no, no, no, no, no, no, no, no, no, no, no, no, no, no, no, no, no, no."
2,"các máy tính của trường thường xuyên bị lỗi khi sử dụng , sinh viên thường phải mang laptop cá nhân lên làm bài hay thi cử .","các máy_tính của trường lực thường_xuyên bị lỗi khi xài , sinh_viên thường phải mang laptop cá_nhân lên làm bài hay thi_cử .","Các máy tính của trường học thường thất bại khi sử dụng chúng, các sinh viên thường phải mang máy tính cá nhân của họ lên và làm bài tập của họ hoặc của họ."
3,cho em xin ít con chip nfc .,cho em xin ít con khoai tây chiên ròn nfc .,Cho tôi ít nfc chip.
2,nhất thiết phải đảm bảo yêu cầu về cơ sở vật chất phù hợp với môn học .,nhất_thiết phải đảm_bảo bắt phải về cơ_sở vật_chất phù_hợp với môn_học .,Chúng ta cần phải chắc chắn rằng các cơ sở vật chất phù hợp với đề tài này.
0,đảm bảo đúng thời gian lên lớp !,bảo đảm đúng thời_gian lên lớp !,Hãy chắc chắn rằng đã đến giờ lên lớp!
3,số lượng sinh viên trong một lớp quá lớn .,số_lượng sinh_viên trong một vỉa quá lớn .,Số học sinh trong một lớp là quá lớn.
0,thầy dạy nhiệt tình và cung cấp cho học sinh nhiều kiến thức mới .,thầy dạy học nhiệt_tình và cung_cấp cho học_sinh nhiều kiến_thức mới .,Cô giáo rất nhiệt tình và cung cấp thêm sự hiểu biết mới cho các học viên.
0,"giáo trình anh văn chưa phù hợp , gây chán vì nhiều kiến thức đã biết qua rồi .","giáo_trình anh văn chưa phù_hợp , gây chán vì nhiều tri thức đã biết qua rồi .","Bạn không phù hợp, bạn đang chán với những kiến thức bạn đã biết."
0,nên giao nhiều bài tập ngữ pháp về nhà cho sinh viên .,nên chỉ định nhiều bài tập_ngữ_pháp về nhà cho sinh_viên .,"Vì vậy, giao cho các học viên nhiều bài tập về nhà."
0,"giảng viên cần tạo thêm những hoạt động tranh luận , làm việc nhóm nhiều hơn thay vì chỉ dạy lý thuyết .","giảng_viên cần tạo thêm những vui chơi tranh_luận , làm_việc nhóm nhiều hơn thay_vì chỉ dạy lý_thuyết .","Người hướng dẫn cần tạo ra nhiều hoạt động tranh cãi hơn, thêm nhiều hoạt động nhóm hơn, thay vì chỉ dạy lý thuyết."
2,sửa chữa những thiết bị máy tính hư trong phòng máy .,tân trang những thiết_bị máy_tính hư trong phòng máy .,sửa máy vi tính bị hỏng trong phòng máy.
1,có đề cương cơ bản chung .,có đề_cương căn bản chung .,Có một vấn đề cơ bản chung.
3,"ngồi nhiều , nhìn slide nhiều .","ngồi nhiều , nhìn slide nhiều .","Ở xung quanh, xem rất nhiều slide."
0,"tận tâm , đúng giờ .","tâm huyết , đúng giờ .","Vô thời hạn, đúng giờ."
3,không có điểm nào không hài lòng .,không có điểm nào không thoả mãn .,Không có vấn đề gì cả.
3,rất ít người học thực hành môn cấu trúc dữ liệu & giải thuật .,rất ít người học bài thực_hành_môn cấu_trúc dữ_liệu & giải_thuật .,Rất ít người học cách thực hiện cấu trúc dữ liệu và tính toán.
1,chương trình học nên được phân bổ ra riêng thành 2 phần như chương trình cũ .,chương_trình học nên được phân_bổ ra riêng là 2 phần như chương_trình cũ .,Khóa học nên được phân phối thành hai phần như cũ.
0,nhiều học sinh không hài lòng với cách sắp lịch học và cách ra bài tập thực hành của giáo viên .,nhiều học_sinh không mãn nguyện với cách sắp lịch_học và cách ra bài_tập thực_hành của giáo_viên .,Nhiều sinh viên không hài lòng với cách họ sẽ đi học lịch trình và làm thế nào họ sẽ thực hành giáo viên của họ.
2,"do cửa sổ không có rèm cửa nên khi học bằng máy chiếu thì không có hiệu quả cao , hơi mờ , sinh viên khó khăn trong việc nhìn .","do cửa_sổ không có màn cửa nên khi học bằng máy_chiếu thì không có hiệu_quả cao , hơi mờ , sinh_viên bài toán khó trong việc nhìn .","Vì cửa sổ không có rèm cửa, khi bạn đang nghiên cứu với máy hút bụi, nó không hoạt động tốt, nó hơi mờ, khó cho học sinh nhìn thấy."
3,hi hi .,hi_hi .,"Hi, hi, hi."
2,nhìn không rõ .,nhìn không rõ .,Tôi không biết.
2,phòng thực hành wzjwz53 cần được nâng cấp .,phòng thực_hành wzjwz53 cần được thăng chức .,Phòng thực tập của cối xay cần được nâng cấp.
2,phòng lab còn chưa đáp ứng tốt .,phòng lab còn chưa làm vừa lòng tốt .,Phòng thí nghiệm vẫn chưa sẵn sàng.
2,nâng cao chất lượng cơ sở vật chất .,đưa cao chất_lượng cơ_sở vật_chất .,Tăng chất lượng của cơ sở hạ tầng.
0,"nên chú ý cách giảng dạy hợp lý hơn , dễ hiểu hơn .","nên lắng nghe cách giảng_dạy hợp_lý hơn , dễ hiểu hơn .",nên chú ý đến một cách dạy dỗ hợp lý và dễ hiểu hơn.
1,"cần có thêm giáo trình , tài liệu để sinh viên dễ tìm hiểu hơn .","cần có thêm giáo_trình , tài_liệu để sinh_viên dễ tán tỉnh hơn .","Cần nhiều tiện ích hơn, giấy tờ để các học viên dễ hiểu hơn."
2,giảng đường 2 và 3 học vào buổi chiều rất nóng bức .,giảng_đường 2 và 3 học vào buổi làm hư rất nóng_bức .,lớp hai và lớp ba vào buổi chiều là nóng.
1,"môn căn bản mà thầy không dạy cho sinh viên kỹ , gây không hiểu , mất căn bản .","môn căn_bản mà thầy giáo không dạy cho sinh_viên kỹ , gây không hiểu , mất căn_bản .","Đó là một chủ đề cơ bản mà tôi không dạy học sinh, mà tôi không hiểu, mà tôi không hiểu."
1,thậm chí còn không có bài nào khó bằng các bài trong nội dung của lớp chuyên tin ở các trường cấp 3 .,thậm_chí còn không có bài nào khó bằng các bài trong nội_dung của lớp chuyên biệt tin ở các trường lực cấp 3 .,Thậm chí không có một bài hát khó như những người trong nội dung của lớp học tín nhiệm ở trung học.
2,điều chỉnh máy lạnh phù hợp với thời tiết .,làm cho hợp máy_lạnh phù_hợp với thời_tiết .,"Được rồi, hãy điều chỉnh điều hòa không khí với thời tiết."
0,"giảng viên nhiệt tình , quan tâm đến học sinh .","giảng_viên nhiệt_tình , bận tâm đến học_sinh .",Một người giảng viên quan tâm đến học viên.
3,có nhiều tài liệu hay .,có nhiều tài_liệu hay .,Có rất nhiều thứ hay ho.
3,listening .,listening .,Nghe đây.
0,"sinh viên hiểu bài rất dễ dàng , chỗ nào không hiểu là giảng viên tận tâm giảng lại ngay , thường xuyên tạo cuộc tranh luận trong giờ học để giúp sinh viên tăng cường tranh luận , trao đổi giúp bài học trở nên phong phú và dễ hiểu hơn .","sinh_viên hiểu bài rất thuận tiện , suất nào không hiểu là giảng_viên tận_tâm_giảng lại ngay , thường_xuyên tạo cuộc tranh_luận trong giờ học để giúp sinh_viên làm tăng cao lên tranh_luận , trao_đổi giúp bài_học trở_nên phong_phú và dễ hiểu hơn .","Học sinh hiểu bài học một cách rất dễ dàng, khi họ không hiểu các huấn luyện viên tận tâm ngay lập tức, liên tục tạo ra một cuộc tranh luận trong giờ học để giúp học sinh cải thiện lập luận, giao tiếp, để làm giàu và thấu hiểu."
3,trừ những điều không hài lòng một chút thì trên cả tuyệt vời colonhihi .,trừ những điều không mãn nguyện một_chút thì trên cả tuyệt_vời colonhihi .,"Ngoại trừ những thứ không vui chút nào, thì nó vượt quá giới hạn tuyệt vời."
0,"giảng viên nhiệt tình , phương pháp dạy khá hay .","giảng_viên nhiệt_tình , biện pháp dạy khá hay .","Một giáo viên nhiệt tình, một phương pháp giảng dạy khá tốt."
3,"cô rất dễ thương , hiền nữa .","cô rất baby , hiền nữa .","Anh dễ thương, anh dễ thương."
1,quá ít bữa thực hành .,quá ít bữa ăn thực_hành .,Đó là quá ít thực hành.
2,nhà trường nên cài bộ microsoft visual studio phiên bản mới hơn 2010 .,nhà_trường nên cài_bộ microsoft visual studio biến thiên mới hơn 2010 .,Trường học nên thiết lập các tập đoàn tư nhân với một phiên bản mới của năm 2010.
1,sử dụng phần mềm crack .,dùng phần_mềm crack .,sử dụng mã mềm.
1,"đề thi giữa kỳ do giảng viên ra có 15 câu trắc nghiệm nhưng lại có 3 câu ra sai đáp án , trong đó có 1 câu giảng viên không biết câu nào sai và vì sao sai , phần tự luận ra sai câu trigger .","đề_thi giữa kỳ do giảng_viên ra có 15 câu trắc_nghiệm nhưng lại có 3 câu ra sông sai đáp_án , trong đó có 1 câu giảng_viên không biết câu nào sông sai và vì sao sông sai , phần tự_luận ra sông sai câu trigger .","Nhưng có ba câu trả lời sai, và một trong số họ là một giảng viên không biết điều gì là sai và tại sao là sai, và một trong số họ đã sai."
3,em xin chân thành cảm ơn !,em xin chân_thành cám ơn !,Cảm ơn rất nhiều.
0,thầy khó quá .,người giáo viên khó quá .,"Oh, my God, cậu thật mạnh mẽ."
0,phương pháp dễ hiểu .,biện pháp dễ hiểu .,Có thể tính được.
1,áp dụng nhiều kiến thức thực tế .,áp_dụng nhiều kiến_thức hiện trạng .,Rất nhiều dữ liệu.
1,"nên cập nhật đề cương giảng dạy môn học thường xuyên , kiến thức phù hợp với thực tiễn .","nên cập_nhật đề_cương giảng_dạy môn_học thường_xuyên , kiến_thức phù_hợp với kinh nghiệm .",nên cập nhật giờ mỗi buổi học với sự giáo dục thực tế và đều đặn của lớp.
1,nhưng điều đáng nói là điểm thi lại cao hơn những bạn thi đậu lần đầu và điểm này được lấy cho các bạn đó .,nhưng điều đáng nói là điểm làm bài kiểm tra lại cao hơn những bạn làm bài kiểm tra đậu lần thứ một và điểm này được lấy cho các bạn đó .,"Nhưng điều đáng nói là điểm kiểm tra cao hơn những người vượt qua bài kiểm tra lần đầu tiên, và điểm số này dành cho bạn."
0,"thầy dạy hơi lan man , diễn đạt không tốt ạ .","thầy dạy học hơi lan_man , diễn_đạt không tốt ạ .","Ông có vẻ hơi hoang dã, thưa ông, ông đang không được khỏe lắm."
0,em nghĩ thầy sẽ giúp chúng em học tốt hơn nếu có thêm nhiều bài tập .,em nghĩ thầy sẽ cứu giúp chúng_em học tốt hơn nếu có thêm nhiều bài_tập .,Tôi nghĩ ông sẽ giúp chúng tôi học tốt hơn nếu chúng tôi có thêm bài tập về nhà.
2,cần cài đặt matlab trên các máy ở phòng thực hành .,cần cài_đặt matlab trên các máy ở phòng ngừa thực_hành .,Matlab cần phải được cài đặt vào máy trong phòng thực tập.
3,sau khi học xong 2 môn học wzjwz168 và wzjwz87 lớp do thầy wzjwz88 làm giảng viên lý thuyết và thầy wzjwz89 làm giảng viên em thấy một điều thế này .,sau khi học hoàn thành 2 môn_học wzjwz168 và wzjwz87 vỉa do thầy wzjwz88 làm giảng_viên lý_thuyết và thầy wzjwz89 làm giảng_viên em thấy một điều thế_này .,"Sau khi nghiên cứu hai wzjwz168 và wzjwzur87, các lớp học của wzjwzzez viết tắt là bài giảng và ông wzjwzzzz độc thân là giảng viên tôi thấy những điều như thế này."
3,"ví dụ đề tài của em là doubledot các nguyên lý cơ bản , bao gồm 7 nguyên tắc của bohm ( 1983 ) .","ví_dụ đề_tài của em là doubledot các nguyên_lý cơ_bản , chứa 7 nguyên_tắc của bohm ( 1983 ) .","Chẳng hạn, chủ đề của tôi là nhiều hơn các nguyên tắc cơ bản, kể cả bảy nguyên tắc của biz ( 1983)."
1,với một môn nhập môn mà thầy đòi hỏi bọn em quá cao làm bọn em hơi áp lực .,với một môn nhập_môn mà thầy đòi hỏi phải bọn em quá cao làm bọn em hơi áp_lực .,Với một lời thú nhận anh yêu cầu chúng tôi quá cao để chúng tôi phải chịu rất nhiều áp lực.
1,cần có đề cương rõ ràng ngay từ đầu .,cần có đề_cương rõ_ràng ngay từ thứ nhất .,Chúng ta cần phải làm rõ điều này ngay từ đầu.
3,không có ạ .,không có ạ .,"Không, tôi không có."
3,để dễ dàng vận dụng kiến thức trên lớp .,để thuận tiện vận_dụng kiến_thức trên lớp .,Để dễ dùng sự hiểu biết trong lớp học.
2,"số lượng máy phòng thực hành quá ít , phải đến 2 - 3 người dùng chung một máy .","số_lượng máy phòng ngừa thực_hành quá ít , phải đến 2 - 3 người dùng chung một máy .","No, no, no, no, no, no, no, no, no, no, no, no, no, no, no, no, no, no, no, no, no, no, no, no, no, no, no, no, no, no, no, no, no, no, no, no, no, no, no, no, no, no, no, no, no, no, no, no, no, no, no, no, no, no, no, no, no, no, no, no, no, no, no, no, no, no."
0,"giáo viên dạy hay , nhiệt tình và cập nhật các kiến thức bên ngoài vào trong bài giảng .","giáo_viên dạy hay , nhiệt_tình và cập_nhật các kiến_thức bên ngoài vào trong bài thuyết trình .","Người dạy giỏi, nhiệt tình và mở rộng kiến thức cho bài giảng."
1,cô nói hơi nhanh .,cô nói thể hơi nhanh .,Anh nói hơi nhanh đấy.
2,nên nâng cấp và bảo trì các phòng máy cũ thường xuyên hơn .,nên thăng chức và bảo_trì các phòng máy cũ thường_xuyên hơn .,nên nâng cấp và duy trì các phòng cũ thường xuyên hơn.
3,không có gì để hài lòng .,không có gì để thoả mãn .,Không có gì để vui cả.
3,không có ý kiến chất lượng môn học vừa đủ cho mọi sinh viên .,không có ý_kiến tính chất môn_học vừa đủ cho mọi sinh_viên .,Không có đủ chất lượng học tập cho mỗi sinh viên.
2,phòng wzjwz98 dãy nhà wzjwz99 buổi chiều quá nóng và nắng !,phòng wzjwz98 dãy nhà wzjwz99 buổi chiều quá nổi nóng và nắng !,Hzjwz98 khối của wzjwz99 buổi chiều quá nóng và nắng!
1,nội dung slide doubledot em thấy slide này làm tài liệu đọc ôn lại ( khi đã hiểu rồi ) thì phù hợp hơn tài liệu giảng .,nội_dung slide doubledot em thấy slide này làm tài_liệu đọc luyện lại ( khi đã hiểu rồi ) thì phù_hợp hơn tài_liệu diễn giảng .,Đoạn phim chiếu nội dung cô thấy đã làm cho bài học được ôn lại (như đã hiểu) tốt hơn so với bài giảng.
3,"chỉ một câu "" giấc mơ thành đại gia "" .","chỉ một câu "" giấc mơ bằng đại_gia "" .",Chỉ là một giấc mơ lớn.
2,phòng máy thực hành cần nâng cấp .,phòng máy thực_hành cần thăng chức .,Phòng tập cần được nâng cấp.
0,truyền đạt tốt và dạy chậm giúp sinh viên dễ hiểu .,truyền_đạt tốt và dạy học chậm giúp sinh_viên dễ hiểu .,Trò chuyện cởi mở và chậm dạy dỗ khiến người học dễ hiểu hơn.
3,nghiên cứu khoa học .,cân nhắc khoa_học .,nghiên cứu khoa học.
2,phòng thực hành cần được nâng cấp .,dè chừng thực_hành cần được nâng_cấp .,Phòng thực tập cần phải được.
3,xin cảm ơn !,xin biết ơn !,Cảm ơn.
0,"thầy gần gũi thân thiện nhiệt tình , nhất là khi muốn phúc khảo bài thi .","thầy gần_gũi thân_thiện sôi nổi , nhất_là khi muốn phúc_khảo bài thi .","Cô rất thân thiện, đặc biệt là khi cô đang tìm kiếm một bài kiểm tra hạnh phúc."
1,"bài tập nhiều quá , không phù hợp lắm .","bài_tập nhiều quá , không phù_hợp lắm .","Rất nhiều bài tập, không hợp lắm."
3,sáo rỗng .,sáo rỗng .,Nó trống rỗng.
1,tạo tính chủ động cho sinh viên trong học tập .,tạo tính chủ_động cho sinh_viên trong sự học .,tạo động lực cho học sinh trong buổi học.
1,cần tăng cường phần nghe nói hơn đọc viết .,cần tăng_cường phần nghe nói hơn đọc lên viết .,Chúng ta cần nhiều thông tin hơn là văn bản.
1,tài liệu hay và chia sẻ nhiều kinh nghiệm học .,tài_liệu hay và chia_sẻ nhiều kinh_nghiệm học bài .,Tốt và rất nhiều kinh nghiệm.
3,đa số các giờ đều do sinh viên thuyết trình nhưng thực tế sinh viên đứng thuyết trình còn chưa hiểu bài làm sao trình bày lại cho các bạn hiểu .,đa_số các giờ đều do sinh_viên thuyết_trình nhưng thực_tế sinh_viên dựa trên thuyết_trình còn chưa hiểu bài làm_sao thể hiện lại cho các bạn hiểu .,"Hầu hết các giờ được cho bởi các sinh viên, nhưng thực tế các sinh viên những người đưa ra bài thuyết trình không hiểu làm thế nào để trình bày nó cho bạn."
3,"hiện tại tốt , không cần điều chỉnh gì thêm .","hiện_tại tốt , không cần làm cho phù hợp gì thêm .","Rõ ràng tốt, không có nhiều điều chỉnh."
2,việc kết nối mạng máy tính trong phòng thực hành cần được sửa chữa .,việc kết_nối mạng máy_tính trong dè chừng thực_hành cần được sửa_chữa .,Máy tính trong phòng thí nghiệm cần được sửa chữa.
1,"đề nghị trường xem xét lại nội dung đề thi cho phù hợp với thời lượng , bài nghe không rõ ràng gây nhiều khó khăn cho sinh viên .","gợi ý trường xem_xét lại nội_dung đề_thi cho phù_hợp với thời_lượng , bài nghe không rành mạch gây nhiều khó_khăn cho sinh_viên .","Yêu cầu trường học đánh giá lại chủ đề của bài kiểm tra để phù hợp với thời gian, không rõ khó khăn thế nào đối với học sinh."
2,phòng lab nên được cải thiện .,phòng lab nên được cải thiện đáng kể .,Phòng thí nghiệm nên được kiểm tra.
3,"thực sự thì giảng viên này không dạy lớp em , nên những đánh giá em chọn mặc định mức độ 3 .","thực_sự thì giảng_viên này không dạy vỉa em , nên những đánh_giá em chọn mặc_định mức_độ 3 .","Thực ra, người hướng dẫn này không dạy lớp của tôi, nên tôi đã chọn bài kiểm tra ở mức độ thứ ba."
3,hơi khó hiểu chút xíu .,thể hơi khó hiểu chút_xíu .,Hơi khó hiểu một chút.
3,"thật sự bọn em cũng cạn lời , đành ngậm ngùi mò lên mạng tra search các kiểu hơn một tiếng đồng hồ mới làm được một câu .","thật_sự đoàn em cũng cạn lời , đành ngậm_ngùi mò lên mạng_tra search các kiểu hơn một ngôn ngữ đồng_hồ mới làm được một câu .","Chúng tôi thực sự đã hết từ ngữ, và chúng tôi đã làm việc trên trang web tìm kiếm hơn một tiếng đồng hồ để thực hiện một câu."
0,"giáo viên ngoài việc dạy kiến thức chuyên ngành , còn chia sẻ những kinh nghiệm thực tế của giảng viên rất bổ ích .","giáo_viên ngoài việc dạy kiến_thức chuyên_ngành , còn chia_sẻ những kinh_nghiệm thực_tế của giảng_viên rất ích lợi .","Ngoài việc dạy nghề chuyên môn, việc chia sẻ những kinh nghiệm thực tế của người dạy còn mang lại nhiều lợi ích."
2,cái máy chiếu ở giảng đường 3 quá mờ .,cái máy_chiếu ở giảng_đường 3 quá không rõ ràng .,Giới thiệu trong bài học thứ ba là quá lờ mờ.
0,thầy hay nghỉ dạy mà không có thông báo trước nhiều lần .,thầy hay nghỉ dạy học mà không có thông_báo trước nhiều lần .,Con đã xa trường rất nhiều lần mà không để ý.
1,lập trình web mà thi trên giấy .,lập trình trên máy tính web mà thi trên giấy .,Chương trình trang web và làm nó trên giấy.
0,"mỗi tháng chỉ gặp giảng viên một lần rất khó cho việc học hỏi , hướng dẫn từ giáo viên .","mỗi tháng chỉ gặp giảng_viên một lần rất khó cho việc học_hỏi , chỉ dẫn từ giáo_viên .",Rất khó để học hỏi từ giáo viên mỗi tháng một lần.
0,động lực học và không khí chưa có mạnh mẽ .,động_lực học và không_khí chưa có bản lĩnh .,"Anh biết đấy, động lực và không khí vẫn chưa mạnh."
1,"ứng dụng thực tế vào giảng dạy nhiều , tạo cho sinh viên hình dung việc học tập sẽ làm được gì khi ra trường .","ứng_dụng hiện trạng vào giảng_dạy nhiều , tạo cho sinh_viên mường tượng việc học_tập sẽ làm được gì khi ra trường .","sử dụng để dạy rất nhiều, để cho học sinh ý thức học tập sẽ làm gì khi chúng ra trường."
1,chất lượng môn học phù hợp .,phẩm chất môn_học phù_hợp .,"No, no, no, no, no, no, no, no, no, no, no, no, no, no, no, no, no, no, no, no, no, no, no, no, no, no, no, no, no, no, no, no, no, no, no, no, no, no, no, no, no, no, no, no, no, no, no, no, no, no, no, no, no, no, no, no, no, no, no, no, no, no, no, no, no, no, no, no, no, no, no, no, no, no, no, no, no, no, no, no, no, no, no, no, no, no, no, no, no, no, no, no, no, no, no, no, no, no, no, no, no, no, no, no, no, no, no, no."
2,mong phòng thiết bị chuẩn bị tốt hơn .,mong phòng ngừa thiết_bị chuẩn_bị tốt hơn .,Hy vọng chúng ta chuẩn bị tốt hơn.
1,hình thức thực hành 2 dường như không có tác dụng với sinh viên .,hình_thức thực_hành 2 có vẻ như không có tác_dụng với sinh_viên .,Kiểu số 2 không có tác dụng với học sinh.
0,tâm huyết nhiệt tình giảng dạy .,tâm_huyết sôi nổi giảng_dạy .,Tôi đam mê việc dạy học.
1,tăng thêm giờ học ngoại khoá .,tăng thêm giờ học bài ngoại_khóa .,Nhiều giờ hơn.
2,máy chiếu còn chưa tốt .,máy chiếu hình còn chưa tốt .,Không tốt lắm.
2,cải thiện chất lượng phòng học và các trang thiết bị hỗ trợ việc học tập .,cải_thiện chất_lượng phòng học và các trang_thiết_bị trợ giúp việc học_tập .,Để cải thiện việc học và học tập cơ sở.
3,phục vụ ở mảng nào cho công việc sau này !,có tác dụng ở mảng nào cho công_việc sau_này !,Tôi không biết tôi sẽ làm công việc gì nữa!
3,đó là giáo trình và tài liệu .,đó là giáo_trình và tài_liệu .,Nó là giấy tờ và giấy tờ.
2,nên đổi phòng học sang phòng chất lượng cao .,nên đổi phòng học sang phòng phẩm chất cao .,"Vì vậy, hãy chuyển lớp học sang phòng cao."
3,em không có gì thắc mắc .,em không có gì thắc_mắc .,Tôi không có câu hỏi nào.
3,học hết môn mà chẳng biết cái gì .,học bài hết môn mà chẳng biết cái gì .,"Ý tôi là, tôi đã trải qua tất cả các lớp học của tôi và tôi không biết bất cứ điều gì."
3,em không có ý kiến gì cả .,em không có quan niệm gì cả .,Tôi không biết.
3,"rõ ràng , căn bản , thực tế .","rành mạch , căn_bản , thực_tế .","Rõ ràng, căn bản, thực tế."
2,"những thiết bị phục vụ cho việc giảng dạy cần được trang bị tốt hơn , ví dụ như máy chiếu hơi bị mờ , các bạn ngồi ở phía sau không thấy , phòng học chỉ có 2 cái phạt , rất nóng nực vào mùa hè .","những thiết_bị phục_vụ cho việc giảng_dạy cần được trang_bị tốt hơn , ví_dụ như máy chiếu phim hơi bị mờ , các bạn ngồi ở phía sau không thấy , phòng học bài chỉ có 2 cái phạt , rất nóng_nực vào vụ mùa hè .","Các dụng cụ dạy học cần được trang bị tốt hơn, chẳng hạn như một máy ghi âm yếu, nơi bạn ngồi ở phía sau bạn không nhìn thấy, lớp học chỉ có hai loại phạt, mà rất nóng vào mùa hè."
3,hài lòng về tất cả .,hài_lòng về trọn .,Rất vui được gặp mọi người.
2,các trang bị để nghe không rõ .,các trang_bị để nghe không rõ .,"Tất cả các đơn vị, tôi không biết mình đang nói gì."
2,máy chiếu phòng học rất rất rất tệ !,máy phát ra phòng học rất rất rất tệ !,Đó thực sự là một trường học tồi tệ.
2,trang thiết bị tốt hơn .,đồ thiết bị tốt hơn .,Thiết bị tốt hơn.
3,được giảng viên hướng dẫn cụ thể dễ hiểu .,được giảng_viên hướng_dẫn hữu hình dễ hiểu .,Đó là do người hướng dẫn của bạn.
3,đa phần sinh viên không tập trung học nhiệt tình nên không theo kịp .,đa_phần sinh_viên không tập trung vào học_nhiệt_tình nên không theo kịp .,Hầu hết các sinh viên không tập trung quá nhiều mà họ không theo kịp.
0,"thầy rất nhiệt tình , tận tình trả lời các câu hỏi từ sinh viên .","thầy rất sôi nổi , tận_tình trả_lời các câu hỏi từ sinh_viên .",Tôi rất hứng thú với việc trả lời các câu hỏi từ các sinh viên của mình.
1,"sau khi đã học xong môn nhập môn điện tử , em thiết nghĩ môn học này cần có thêm những phần học về thực tế , để sinh viên chúng em có thêm động lực khi học những phần lý thuyết đôi khi "" khô khan "" và "" xa lạ "" đồng thời sẽ tạo được sự đam mê với bộ môn điện tử nói chung ngay từ những ngày đầu học "" nhập môn "" .","sau khi đã học xong môn nhập_môn điện_tử , em thiết_nghĩ môn_học này cần có thêm những phần học về hiện trạng , để sinh_viên chúng_em có thêm động_lực khi học những phần lý_thuyết đôi_khi "" vô vị "" và "" ghẻ lạnh "" sự cùng lúc sẽ tạo được sự đắm mình với bộ_môn điện_tử nói_chung ngay từ những ngày số một học "" nhập_môn "" .","Sau khi chúng tôi đã hoàn thành nghiên cứu bằng máy tính, tôi muốn nghĩ rằng nghiên cứu này đòi hỏi nhiều thứ hơn về thực tế, để học sinh của chúng tôi có thể được thúc đẩy nhiều hơn bằng cách học hỏi các phần của lý thuyết mà đôi khi khô khan và ""không biết"" và cùng lúc đó, tạo ra một trò chơi điện tử nói chung trong những ngày đầu."
3,và quá gấp gáp .,và quá gấp_gáp .,Và nó quá khẩn cấp.
0,giảng viên không dành tìm hiểu trước nội dung giảng dạy trước khi lên lớp .,giảng_viên không dành tán tỉnh trước nội_dung giảng_dạy trước khi lên lớp .,Các giảng viên không chỉ xem xét những gì họ dạy trước khi họ đi học.
2,cần cải tiến trang thiết thực hành .,cần cải_tiến trang_thiết thực_hành .,cần phải cải thiện cách thực hành.
3,cám ơn thầy !,cám ơn giáo viên !,Cảm ơn!
0,cô cần dạy chậm và hướng dẫn chung kỹ hơn .,cô cần dạy chậm và chỉ dẫn chung kỹ hơn .,Bạn cần phải dạy từ từ và theo sát hơn.
1,"bài giảng thu hút , dễ hiểu .","bài diễn thuyết thu_hút , dễ hiểu .","Nó rất thú vị, rất dễ hiểu."
1,"nếu có , em nghĩ mục tiêu môn học cần xác định rõ với sinh viên trước khi bắt đầu , em cảm ơn ạ !","nếu có , em nghĩ mục_tiêu môn_học cần nêu tên rõ với sinh_viên trước khi khởi đầu , em cảm_ơn ạ !","Nếu có, tôi nghĩ mục tiêu cần phải rõ ràng với các sinh viên trước khi chúng ta bắt đầu, cảm ơn."
1,cần phân bổ số lượng bài tập phù hợp với nội dung lý thuyết .,cần phân chia số_lượng bài_tập phù_hợp với nội_dung lý_thuyết .,cần phải phân tích số lượng của các bài tập phù hợp với lý thuyết.
1,"đầu tư một bộ giáo trình chất lượng , dễ hiểu .","đầu_tư một bộ giáo_trình tính chất , dễ hiểu .","Một sự đầu tư vào một chất lượng, có thể hiểu được."
3,cũng ổn .,cũng ổn thoả .,"Ừ, tôi ổn."
1,thiếu sự đa dạng về bài tập .,thiếu sự phong phú về bài_tập .,"Không, không, không không không không không không không không không không không không không không không không không không không không không không không không không không không không không không không không không không không không không không không không không không không không không không không không không không không không không không không không không không không không không không không không không không không không không không không không không không không không không không không không"
3,hài lòng hoàn toàn .,hài_lòng trọn vẹn .,Tôi hoàn toàn hài lòng.
1,nội dung môn học em nghĩ là rộng quá ạ .,nội_dung môn_học em nghĩ là ngang quá ạ .,Tôi nghĩ đó là một chủ đề khá rộng.
2,"cần nâng cấp dụng cụ học tập, micro , loa , máy chiếu .","cần thăng chức dụng_cụ học_tập , micro , loa , máy_chiếu .","Bạn cần phải chỉnh sửa các dụng cụ học tập của bạn, âm thanh, loa, âm thanh."
1,nên chia ra 2 buổi học 1 là lý thuyết 2 là thực hành .,nên chia ra 2 buổi học bài 1 là lý_thuyết 2 là thực_hành .,"Vì vậy, hai bài học, một lý thuyết, một là thực hành."
2,cần thêm nhiều kit để thực hành .,cần thêm nhiều kit để thực_hành .,Nó cần thêm dụng cụ để luyện tập.
3,"tuy nhiên , mọi chuyện như lời nói đã không xảy ra !","tuy_nhiên , mọi chuyện như tiếng nói đã không xảy ra !","Tuy nhiên, những điều đó đã không xảy ra!"
3,điện thoại không liên lạc được .,cú điện thoại không liên_lạc được .,Điện thoại không hoạt động.
1,nội dung khó hiểu .,nội_dung khó hiểu .,Khó hiểu lắm.
2,phòng máy cần nâng cấp .,phòng ngừa máy cần nâng_cấp .,Phòng động cơ cần được nâng cấp.
1,"tên môn học là seminar các vấn đề hiện đại của công nghệ phần mềm , nhưng phần seminar của mỗi nhóm là trình bày các vấn đề của các phần mềm trong lịch sử , thời trước .","tên môn_học là seminar các vấn_đề tân thời của công_nghệ_phần_mềm , nhưng phần seminar của mỗi nhóm là trình_bày các vấn_đề của các hệ thống phần mềm trong lịch_sử , thời trước .","Tên của chủ đề này là gần như là vấn đề hiện đại của công nghệ phần mềm, nhưng phần hội thảo của mỗi nhóm là trình bày các vấn đề của phần mềm trong lịch sử, trong quá khứ."
3,hài lòng tất cả .,hài_lòng trọn .,Rất vui được gặp mọi người.
0,cô nên sắp xếp lịch làm việc chính xác hơn .,cô nên sắp đặt lịch làm_việc chính_xác hơn .,Anh nên thiết lập một lịch trình chính xác hơn.
2,"bổ xung trang thiết bị thực hành thực tiễn cho môn này , không chỉ đơn thuần là thực hành trên máy tính không .","bổ xung_trang thiết_bị thực_hành kinh nghiệm cho môn này , không_chỉ đơn_thuần là thực_hành trên máy_tính không .","Một dụng cụ thực tiễn cho môn thể thao này, không chỉ là một thực hành máy tính."
2,"đề nghị trang bị thiết bị vật chất tốt hơn doubledot quạt , máy chiếu .","đề_nghị trang_bị thiết_bị vật_chất tốt hơn doubledot quạt , máy chiếu phim .","Sản xuất tốt hơn so với cổ động viên tăng cường, băng đảng."
0,"giảng bài dễ hiểu , thân thiện .","diễn giảng bài dễ hiểu , thân_thiện .","Nó rất dễ hiểu, nó rất thân thiện."
2,nâng cao cơ sở vật chất giảng dạy .,đưa cao cơ_sở_vật_chất giảng_dạy .,Cung cấp các cơ sở hỗ trợ.
2,nên nâng cấp phòng lab .,nên thăng chức phòng lab .,Tôi sẽ nâng cấp phòng thí nghiệm.
2,"nâng cao chất lượng âm thanh và các trang thiết bị cần thiết doubledot loa , micro .","nâng cao tính chất âm_thanh và các trang_thiết_bị cần_thiết doubledot loa , micro .","Hãy nâng cao chất lượng âm thanh và thiết bị cần thiết qua loa phóng thanh, micro."
3,hiện giờ em chưa có cách học đúng đắng .,hiện_giờ em chưa có cách học bài đúng đắng .,Tôi không có cách nào để học ngay bây giờ.
1,tăng cường giảng viên hỗ trợ thực hành .,làm tăng cao lên giảng_viên hỗ_trợ thực_hành .,Chào mừng các giảng viên thực hành.
1,gây khó khăn khi tìm thông tin làm bài tập và nộp bài tập trên moodle .,gây bài toán phức tạp khi tìm thông_tin làm bài_tập và nộp bài_tập trên moodle .,Thật khó để tìm ra thông tin để làm bài tập về nhà và làm bài tập về nhà.
0,cô dạy không có điểm nhấn cứ đều đều cho đến hết buổi .,cô dạy học không có điểm nhấn cứ đều_đều cho đến hết buổi .,Anh đã dạy tôi rằng anh không có bài kiểm tra tốt cho đến cuối buổi.
0,mong thầy dạy đúng số tiết mà môn đó quy định .,mong thầy dạy đúng số_tiết mà môn đó chỉ rõ .,Tôi hy vọng anh dạy tôi chính xác những gì nó nói.
2,"micro và các thiết bị âm thanh , máy chiếu cần nâng cấp .","micro và các thiết_bị âm_thanh , máy chiếu hình cần nâng_cấp .","Âm thanh và thiết bị âm thanh, cần nâng cấp."
0,có tâm .,có trung tâm .,"Yeah, yeah, yeah, yeah, yeah, yeah, yeah, yeah, yeah, yeah, yeah, yeah."
0,giảng viên dễ tính gần gũi với học sinh .,giảng_viên dễ_tính gần_gũi với học trò .,Người hướng dẫn rất dễ tiếp cận với các sinh viên.
1,thực hành đa số sinh viên không hiểu .,thực_hành phần đông sinh_viên không hiểu .,Hầu hết các sinh viên đều không hiểu.
1,"nội dung môn học quá rộng , nên điều chỉnh lại và tập trung vào những phần quan trọng .","nội_dung môn_học quá rộng , nên điều_chỉnh lại và tập_trung vào những phần được chú ý đến .","Đề tài này quá rộng, nó nên được điều chỉnh và tập trung vào những phần quan trọng."
2,"cần nâng cấp hệ thống wifi , vì khi vào phòng thực hành , sinh viên không thể truy cập internet , buộc phải xin phép ra ngoài để làm bài .","cần nâng_cấp hệ_thống wifi , vì khi vào phòng thực_hành , sinh_viên không_thể truy_cập internet , phải phải xin giềng mối ra ngoài để làm bài .","Chúng ta cần nâng cấp hệ thống Wi-fi, bởi vì khi chúng ta vào phòng thí nghiệm, học sinh không thể truy cập vào, họ phải yêu cầu sự cho phép đi ra ngoài và làm bài tập về nhà."
3,nên có sự so sánh phản hồi về phương pháp lập trình của sinh viên .,nên có sự so_sánh phản_hồi về biện pháp lập_trình của sinh_viên .,Nên có một so sánh của học sinh phản ứng.
3,"sự thân thiện và không gây áp lực , không khí buổi học luôn thoải mái để tiếp thu bài .","sự thân_thiện và không gây áp_lực , không_khí buổi học luôn dễ chịu để tiếp_thu bài .","Sự thân thiện và không có áp lực, bầu không khí học hỏi luôn luôn dễ học hỏi."
1,giáo trình toàn dùng c không dùng cplusplus nhiều dễ gây rối trong quá trình lập trình .,giáo_trình toàn dùng c không dùng cplusplus nhiều dễ phá quấy trong quá_trình lập_trình .,Có rất nhiều sự nhầm lẫn trong quá trình lập trình.
2,"phòng thưc hành cần thường xuyên vệ sinh , sửa chữa thiết bị , bị lỏng , đứt , hay hư hỏng .","phòng thưc_hành cần thường_xuyên vệ_sinh , sửa_chữa thiết_bị , bị lỏng , đứt quãng , hay hư_hỏng .","Phòng thí nghiệm cần thường xuyên về vệ sinh, sửa chữa các thiết bị, chất lỏng, vỡ hoặc hư hại."
0,"cho nhiều ví dụ , liên hệ thực tế .","cho nhiều ví_dụ , liên_hệ hiện trạng .","trong nhiều ví dụ, liên lạc thực."
3,"thích ngủ thì ngủ , ngoài ra chả có gì hài lòng .","thích không hoạt động thì không hoạt động , ngoài_ra chả có gì hài_lòng .","Ngủ, ngủ, không có bất cứ điều gì liên quan đến nó."
0,"giáo viên vui tính , nhiệt tình .","giáo_viên thân thiện , nhiệt_tình .","Một cô giáo vui tính, nhiệt tình."
3,em rất hài lòng .,em rất mãn nguyện .,Tôi rất hài lòng.
2,"phòng học số lượng sinh viên nhiều , nhưng chỉ có quạt trần , cần trang bị thêm máy lạnh .","phòng ngừa học số_lượng sinh_viên nhiều , nhưng chỉ có quạt_trần , cần trang_bị thêm máy_lạnh .","Lớp học đầy sinh viên, nhưng chỉ có người hâm mộ, cần thêm không khí."
3,nhàm chán .,nhàm chán .,Năm.
2,phòng lab chưa được cải thiện .,phòng lab chưa được nâng cao đáng kể .,Phòng thí nghiệm vẫn chưa có kết quả.
0,"giảng viên theo sát chuyên cần lớp , giảng dễ hiểu .","giảng_viên theo bóc vỏ chuyên cần lớp , giảng dễ hiểu .","Các giảng viên theo sát, dễ hiểu."
0,đề án soạn thảo kỹ càng .,đề_án soạn kỹ_càng .,Dự án này rất chi tiết.
0,"giảng viên hiền lành , nhiệt tình giúp đỡ khá nhiều cho sinh viên khi sinh viên không hiểu bài .","giảng_viên hiền_lành , sôi nổi giúp_đỡ khá nhiều cho sinh_viên khi sinh_viên không hiểu bài .","Lớp học rất tử tế, sẵn sàng giúp đỡ học sinh khi họ không hiểu."
2,phòng học còn nóng .,phòng học bài còn nóng .,Nó vẫn còn nóng trong lớp học.
1,"nên cung cấp cho sinh viên thêm nhiều tài liệu , cũng như bắt kịp xu thế phát triển của công nghệ để không bị lỗi thời lạc hậu .","nên cung_cấp cho sinh_viên thêm nhiều tài_liệu , cũng như bắt kịp xu_thế phát_triển của kỹ thuật công nghiệp để không bị không hợp mốt lạc_hậu .","sẽ cung cấp cho học viên nhiều tài liệu hơn, cũng như theo kịp sự phát triển của công nghệ để không bị lỗi thời."
2,"máy chiếu phòng wzjwz104 rất hay tắt , mở được một lúc là nóng quá rồi tắt , không sử dụng được nữa .","máy chiếu phòng ngừa wzjwz104 rất hay tắt , mở được một lúc là nóng quá rồi tắt , không xài được nữa .","The Wzzz104 rất phổ biến, nó quá nóng và nó ra ngoài, nó ra, nó ra, nó tắt, nó tắt, nó tắt, nó tắt, nó tắt, nó tắt, nó tắt, nó tắt, nó tắt, nó đang tắt, nó đang tắt, nó đang tắt, nó đang tắt, nó đang tắt, nó đang tắt, nó đang tắt, nó tắt, nó tắt, nó tắt, nó tắt, nó tắt, nó tắt, nó tắt, nó tắt, nó tắt, nó tắt, nó tắt, nó tắt, nó tắt, nó tắt, nó tắt, nó tắt, nó tắt, nó tắt, nó tắt, nó tắt, nó tắt, nó tắt, nó tắt, nó tắt, nó tắt, nó tắt, nó tắt, nó tắt, nó tắt, nó tắt, nó tắt, nó tắt, nó tắt, nó tắt, nó tắt, nó tắt, nó tắt, nó tắt, nó tắt, nó tắt, nó tắt, nó tắt, nó tắt, nó tắt, nó tắt, tắt, nó tắt, nó tắt, nó tắt, nó tắt, nó tắt, nó tắt, nó tắt, nó tắt, nó tắt, nó tắt, nó tắt, nó tắt, nó tắt, bỏ, bỏ, bỏ, bỏ, bỏ, bỏ, bỏ, bỏ, bỏ, bỏ, bỏ, bỏ, bỏ, bỏ, bỏ, bỏ, bỏ, bỏ, bỏ, bỏ, bỏ, bỏ, bỏ, bỏ, bỏ, bỏ, bỏ, bỏ, bỏ, bỏ, bỏ, bỏ, bỏ, bỏ, bỏ, bỏ, bỏ, bỏ, bỏ, bỏ, bỏ, bỏ, bỏ, bỏ, bỏ, bỏ, bỏ, bỏ, bỏ, bỏ, bỏ, bỏ, bỏ, bỏ, bỏ, bỏ, bỏ, bỏ, bỏ, bỏ, bỏ, bỏ, bỏ, bỏ, bỏ, bỏ, bỏ, bỏ, bỏ, bỏ, bỏ, bỏ, bỏ, bỏ, bỏ, bỏ, bỏ, bỏ, bỏ, bỏ, bỏ, bỏ, bỏ, bỏ, bỏ, bỏ, bỏ, bỏ, bỏ, bỏ, bỏ, bỏ, bỏ, bỏ, bỏ, bỏ, bỏ, bỏ, bỏ, bỏ, bỏ, bỏ, bỏ, bỏ, bỏ, bỏ, bỏ, bỏ, bỏ, bỏ, bỏ, bỏ, bỏ, bỏ, bỏ, bỏ, bỏ, bỏ, bỏ, bỏ, bỏ, bỏ, bỏ, bỏ, bỏ, bỏ, bỏ,"
1,cần bài tập nhiều hơn .,cần bài_tập nhiều hơn .,Tôi cần nhiều hơn nữa.
2,"chất lượng âm thanh chưa tốt , còn quá rè .","tính chất âm_thanh chưa tốt , còn quá rè .","Chất lượng âm thanh không tốt, nó quá tương đối."
3,học thầy được điểm cao .,học bài thầy được điểm cao .,Anh có điểm tốt.
0,do môn học khá khô khan nên em mong thầy liên hệ thêm nhiều ví dụ thực tế hơn để sinh viên dễ nắm bắt nội dung bài giảng .,do môn_học khá vô vị nên em mong thầy liên_hệ thêm nhiều ví_dụ thực_tế hơn để sinh_viên dễ bắt được nội_dung bài giảng .,"Vì chủ đề khá là khô, tôi muốn các bạn kể thêm những ví dụ thực tế hơn để các sinh viên có thể nắm bắt nội dung của bài nói chuyện."
2,"đồng thời , phòng học được phân bổ không hợp lý với những lớp học về trưa , phòng khá nóng bức , quạt cũng không mát , máy chiếu khá mờ và cửa khó đóng mở khi trời mưa hoặc khi quá nắng .","đồng_thời , phòng học được phân phát không hợp_lý với những lớp_học về trưa , phòng khá nóng_bức , quạt cũng không mát , máy chiếu hình khá mờ và cửa khó đóng_mở khi giời mưa hoặc khi quá nắng .","Và đồng thời, các lớp học không phù hợp với các khóa học trưa, các phòng là khá nóng, người hâm mộ không mát mẻ, các vòi nước khá mờ nhạt và các cánh cửa khó mở khi trời mưa hoặc khi trời quá nóng."
1,em nghĩ nên có nhiều tài liệu học tập hơn .,em nghĩ nên có nhiều tài_liệu việc học hơn .,Tôi nghĩ nên có thêm tài liệu để học hỏi.
0,"tận tình , cung cấp đầy đủ kiến thức .","tận_tình , cho ăn đầy_đủ kiến_thức .","Tôi đã cam kết, tôi là thành viên trong ngành."
1,cần có đề cương môn học rõ ràng .,cần có đề_cương môn_học dễ hiểu .,Chúng ta cần một đề tài rõ ràng.
0,thầy vui tính dạy dễ hiểu và cung cấp nhiều thông tin hữu ích cho sinh viên .,thầy vui tính dạy dễ hiểu và cung_cấp nhiều tin hữu_ích cho sinh_viên .,"Bạn hài hước, bạn dễ hiểu, và bạn giỏi cung cấp thông tin cho học sinh."
3,"cô nhiệt tình , dễ tính .","cô hăng hái , dễ_tính .","Anh rất nhiệt tình, anh rất dễ dãi."
2,máy chiếu phòng wzjwz11 chất lượng quá kém .,máy chiếu ngăn ngừa wzjwz11 chất_lượng quá kém .,Wzzzz's có một chất lượng xấu.
0,giảng viên không cung cấp đủ tài liệu để làm đồ án .,giảng_viên không cho ăn đủ tài_liệu để làm đồ_án .,Ban quản lý không cung cấp đủ vật liệu cho dự án.
